Name,Latitude,Longitude,lfd# Nr#,Stadtteil,Anzahl_beh,ort,Stra√üe,Art,Abfuhrtag,Woche-g-ug,Telefon,Zeitbedarf
Papierkorb 200000402,51.41055037,6.584027857,1139,,1,Moers,,Papierkorb,,,,0.5
Papierkorb 200001443,51.41388008,6.583538186,1140,,1,Moers,,Papierkorb,,,,0.5
Papierkorb 200001526,51.40912285,6.591295972,1141,,1,Moers,,Papierkorb,,,,0.5
Papierkorb 200001439,51.41414646,6.58943519,1142,,1,Moers,,Papierkorb,,,,0.5
Papierkorb 200001440,51.41527005,6.589190606,1143,,1,Moers,,Papierkorb,,,,0.5
Papierkorb 200001441,51.41563886,6.589281969,1144,,1,Moers,,Papierkorb,,,,0.5
Papierkorb 200001436,51.42117812,6.585614551,1145,,1,Moers,,Papierkorb,,,,0.5
Papierkorb 200000399,51.41945011,6.591256745,1146,,1,Moers,,Papierkorb,,,,0.5
Papierkorb 200001432,51.4212601,6.588204056,1147,,1,Moers,,Papierkorb,,,,0.5
Papierkorb 200001433,51.4211679,6.588633545,1148,,1,Moers,,Papierkorb,,,,0.5
Papierkorb 200001434,51.42098693,6.588387201,1149,,1,Moers,,Papierkorb,,,,0.5
Papierkorb 200001435,51.42090152,6.588645028,1150,,1,Moers,,Papierkorb,,,,0.5
Papierkorb 200001437,51.42043029,6.588135744,1151,,1,Moers,,Papierkorb,,,,0.5
Papierkorb 200001438,51.42075132,6.588340262,1152,,1,Moers,,Papierkorb,,,,0.5
Papierkorb 200001442,51.42075811,6.588757345,1153,,1,Moers,,Papierkorb,,,,0.5
Papierkorb 200001430,51.42186804,6.588427769,1154,,1,Moers,,Papierkorb,,,,0.5
Papierkorb 200001431,51.42258176,6.588049075,1155,,1,Moers,,Papierkorb,,,,0.5
Papierkorb 200000601,51.47922792,6.584357852,1156,,1,Moers,,Papierkorb,,,,0.5
Papierkorb 200000605,51.47161908,6.591730574,1157,,1,Moers,,Papierkorb,,,,0.5
Papierkorb 200000606,51.47160206,6.591788242,1158,,1,Moers,,Papierkorb,,,,0.5
Papierkorb 200000602,51.47904695,6.588112274,1159,,1,Moers,,Papierkorb,,,,0.5
Papierkorb 200000072,51.4902792,6.572217587,1160,,1,Moers,,Papierkorb,,,,0.5
Papierkorb 200000070,51.4864884,6.589001091,1161,,1,Moers,,Papierkorb,,,,0.5
Papierkorb 200000071,51.48623569,6.589025818,1162,,1,Moers,,Papierkorb,,,,0.5
Papierkorb 200000068,51.48953808,6.591559835,1163,,1,Moers,,Papierkorb,,,,0.5
Papierkorb 200000069,51.48918293,6.588444868,1164,,1,Moers,,Papierkorb,,,,0.5
Papierkorb 200000435,51.48936734,6.590636065,1165,,1,Moers,,Papierkorb,,,,0.5
Papierkorb 200000436,51.48910096,6.588473031,1166,,1,Moers,,Papierkorb,,,,0.5
Papierkorb 200000437,51.49044994,6.586992955,1167,,1,Moers,,Papierkorb,,,,0.5
Papierkorb 200000438,51.49082218,6.586709563,1168,,1,Moers,,Papierkorb,,,,0.5
Papierkorb 200000439,51.49065823,6.586735966,1169,,1,Moers,,Papierkorb,,,,0.5
Papierkorb 200000417,51.49748161,6.590841757,1170,,1,Moers,,Papierkorb,,,,0.5
Papierkorb 200001476,51.40488815,6.60016587,1171,,1,Moers,,Papierkorb,,,,0.5
Papierkorb 200001445,51.40803345,6.595880371,1172,,1,Moers,,Papierkorb,,,,0.5
Papierkorb 200001446,51.40809154,6.595680965,1173,,1,Moers,,Papierkorb,,,,0.5
Papierkorb 200001447,51.40809154,6.59616896,1174,,1,Moers,,Papierkorb,,,,0.5
Papierkorb 200001448,51.40818031,6.595925633,1175,,1,Moers,,Papierkorb,,,,0.5
Papierkorb 200001449,51.40824175,6.59592689,1176,,1,Moers,,Papierkorb,,,,0.5
Papierkorb 200001450,51.40770899,6.595777022,1177,,1,Moers,,Papierkorb,,,,0.5
Papierkorb 200001451,51.40768175,6.596020348,1178,,1,Moers,,Papierkorb,,,,0.5
Papierkorb 200001478,51.40791737,6.596267531,1179,,1,Moers,,Papierkorb,,,,0.5
Papierkorb 200001525,51.41023966,6.595593877,1180,,1,Moers,,Papierkorb,,,,0.5
Papierkorb 200001532,51.40901363,6.593981953,1181,,1,Moers,,Papierkorb,,,,0.5
Papierkorb 200001533,51.40877115,6.593706189,1182,,1,Moers,,Papierkorb,,,,0.5
Papierkorb 200000397,51.41434117,6.594382357,1183,,1,Moers,,Papierkorb,,,,0.5
Papierkorb 200000398,51.41535882,6.594323935,1184,,1,Moers,,Papierkorb,,,,0.5
Papierkorb 200000400,51.41101146,6.593965357,1185,,1,Moers,,Papierkorb,,,,0.5
Papierkorb 200000401,51.41111045,6.593003953,1186,,1,Moers,,Papierkorb,,,,0.5
Papierkorb 200001481,51.41478851,6.596717052,1187,,1,Moers,,Papierkorb,,,,0.5
Papierkorb 200001482,51.41449825,6.596367862,1188,,1,Moers,,Papierkorb,,,,0.5
Papierkorb 200001483,51.41439917,6.596624432,1189,,1,Moers,,Papierkorb,,,,0.5
Papierkorb 200001499,51.41160909,6.597134974,1190,,1,Moers,,Papierkorb,,,,0.5
Papierkorb 200001516,51.41477142,6.596342633,1191,,1,Moers,,Papierkorb,,,,0.5
Papierkorb 200001517,51.41478851,6.594891222,1192,,1,Moers,,Papierkorb,,,,0.5
Papierkorb 200001518,51.4141328,6.594710257,1193,,1,Moers,,Papierkorb,,,,0.5
Papierkorb 200000403,51.40624057,6.599896057,1194,,1,Moers,,Papierkorb,,,,0.5
Papierkorb 200000407,51.40593999,6.600797195,1195,,1,Moers,,Papierkorb,,,,0.5
Papierkorb 200000408,51.40861742,6.597441081,1196,,1,Moers,,Papierkorb,,,,0.5
Papierkorb 200001479,51.40768175,6.597500844,1197,,1,Moers,,Papierkorb,,,,0.5
Papierkorb 200001480,51.40770899,6.597745009,1198,,1,Moers,,Papierkorb,,,,0.5
Papierkorb 200001519,51.41042062,6.600295622,1199,,1,Moers,,Papierkorb,,,,0.5
Papierkorb 200001521,51.41031132,6.599934949,1200,,1,Moers,,Papierkorb,,,,0.5
Papierkorb 200001522,51.41026011,6.599044036,1201,,1,Moers,,Papierkorb,,,,0.5
Papierkorb 200001484,51.41373667,6.601633038,1202,,1,Moers,,Papierkorb,,,,0.5
Papierkorb 200001485,51.4137469,6.600369047,1203,,1,Moers,,Papierkorb,,,,0.5
Papierkorb 200001486,51.4133371,6.602489417,1204,,1,Moers,,Papierkorb,,,,0.5
Papierkorb 200001487,51.41240135,6.599746691,1205,,1,Moers,,Papierkorb,,,,0.5
Papierkorb 200001488,51.41252775,6.59997887,1206,,1,Moers,,Papierkorb,,,,0.5
Papierkorb 200001489,51.41296143,6.600127481,1207,,1,Moers,,Papierkorb,,,,0.5
Papierkorb 200001490,51.41301951,6.599697992,1208,,1,Moers,,Papierkorb,,,,0.5
Papierkorb 200001491,51.41228182,6.602132097,1209,,1,Moers,,Papierkorb,,,,0.5
Papierkorb 200001492,51.41239112,6.602707934,1210,,1,Moers,,Papierkorb,,,,0.5
Papierkorb 200001493,51.41281801,6.602598717,1211,,1,Moers,,Papierkorb,,,,0.5
Papierkorb 200001494,51.41206666,6.600690912,1212,,1,Moers,,Papierkorb,,,,0.5
Papierkorb 200001495,51.41221016,6.600319929,1213,,1,Moers,,Papierkorb,,,,0.5
Papierkorb 200001496,51.41193012,6.598102329,1214,,1,Moers,,Papierkorb,,,,0.5
Papierkorb 200001497,51.41222038,6.598278182,1215,,1,Moers,,Papierkorb,,,,0.5
Papierkorb 200001498,51.41153055,6.597780883,1216,,1,Moers,,Papierkorb,,,,0.5
Papierkorb 200001500,51.41165008,6.59779706,1217,,1,Moers,,Papierkorb,,,,0.5
Papierkorb 200001501,51.41177296,6.597467903,1218,,1,Moers,,Papierkorb,,,,0.5
Papierkorb 200001502,51.41108656,6.598464679,1219,,1,Moers,,Papierkorb,,,,0.5
Papierkorb 200001503,51.4113495,6.59823929,1220,,1,Moers,,Papierkorb,,,,0.5
Papierkorb 200001504,51.41148269,6.598872794,1221,,1,Moers,,Papierkorb,,,,0.5
Papierkorb 200001505,51.41149635,6.598584708,1222,,1,Moers,,Papierkorb,,,,0.5
Papierkorb 200001506,51.4113495,6.598080117,1223,,1,Moers,,Papierkorb,,,,0.5
Papierkorb 200001507,51.41091918,6.600474911,1224,,1,Moers,,Papierkorb,,,,0.5
Papierkorb 200001508,51.4112402,6.600421602,1225,,1,Moers,,Papierkorb,,,,0.5
Papierkorb 200001520,51.41073142,6.60052998,1226,,1,Moers,,Papierkorb,,,,0.5
Papierkorb 200001523,51.41097726,6.598261921,1227,,1,Moers,,Papierkorb,,,,0.5
Papierkorb 200001524,51.410687,6.598789562,1228,,1,Moers,,Papierkorb,,,,0.5
Papierkorb 200000406,51.40192389,6.603072546,1229,,1,Moers,,Papierkorb,,,,0.5
Papierkorb 200000413,51.40100858,6.602931647,1230,,1,Moers,,Papierkorb,,,,0.5
Papierkorb 200001509,51.41042062,6.602954697,1231,,1,Moers,,Papierkorb,,,,0.5
Papierkorb 200001465,51.41488759,6.605817452,1232,,1,Moers,,Papierkorb,,,,0.5
Papierkorb 200001466,51.41521197,6.607329883,1233,,1,Moers,,Papierkorb,,,,0.5
Papierkorb 200001467,51.41592912,6.60909377,1234,,1,Moers,,Papierkorb,,,,0.5
Papierkorb 200000410,51.39625135,6.617970038,1235,,1,Moers,,Papierkorb,,,,0.5
Papierkorb 200000412,51.39652116,6.6170689,1236,,1,Moers,,Papierkorb,,,,0.5
Papierkorb 200000404,51.40365869,6.617739955,1237,,1,Moers,,Papierkorb,,,,0.5
Papierkorb 200000405,51.40373044,6.617783876,1238,,1,Moers,,Papierkorb,,,,0.5
Papierkorb 200000411,51.39576989,6.623207889,1239,,1,Moers,,Papierkorb,,,,0.5
Papierkorb 200001322,51.39806821,6.622290574,1240,,1,Moers,,Papierkorb,,,,0.5
Papierkorb 200001323,51.39885024,6.622890718,1241,,1,Moers,,Papierkorb,,,,0.5
Papierkorb 200001471,51.39737838,6.62147644,1242,,1,Moers,,Papierkorb,,,,0.5
Papierkorb 200001472,51.39753889,6.621636953,1243,,1,Moers,,Papierkorb,,,,0.5
Papierkorb 200001473,51.39861463,6.622603051,1244,,1,Moers,,Papierkorb,,,,0.5
Papierkorb 200001474,51.39870004,6.622111285,1245,,1,Moers,,Papierkorb,,,,0.5
Papierkorb 200001468,51.40936878,6.616408071,1246,,1,Moers,,Papierkorb,,,,0.5
Papierkorb 200001469,51.40920826,6.617009975,1247,,1,Moers,,Papierkorb,,,,0.5
Papierkorb 200001470,51.40915018,6.617224719,1248,,1,Moers,,Papierkorb,,,,0.5
Papierkorb 200000409,51.3954181,6.624970939,1249,,1,Moers,,Papierkorb,,,,0.5
Papierkorb 200000415,51.39493656,6.630021874,1250,,1,Moers,,Papierkorb,,,,0.5
Papierkorb 200001316,51.39586888,6.629545949,1251,,1,Moers,,Papierkorb,,,,0.5
Papierkorb 200001317,51.39719733,6.626532068,1252,,1,Moers,,Papierkorb,,,,0.5
Papierkorb 200001320,51.39770284,6.628235355,1253,,1,Moers,,Papierkorb,,,,0.5
Papierkorb 200001321,51.39764132,6.629168093,1254,,1,Moers,,Papierkorb,,,,0.5
Papierkorb 200001318,51.39964937,6.625415348,1255,,1,Moers,,Papierkorb,,,,0.5
Papierkorb 200001319,51.39970067,6.62544569,1256,,1,Moers,,Papierkorb,,,,0.5
Papierkorb 200000414,51.39469751,6.630794099,1257,,1,Moers,,Papierkorb,,,,0.5
Papierkorb 200001311,51.39429116,6.63524271,1258,,1,Moers,,Papierkorb,,,,0.5
Papierkorb 200001312,51.39585178,6.633095015,1259,,1,Moers,,Papierkorb,,,,0.5
Papierkorb 200001313,51.39580744,6.633382346,1260,,1,Moers,,Papierkorb,,,,0.5
Papierkorb 200001314,51.4000626,6.632406022,1261,,1,Moers,,Papierkorb,,,,0.5
Papierkorb 200001315,51.40013091,6.632435108,1262,,1,Moers,,Papierkorb,,,,0.5
Papierkorb 200001294,51.40665715,6.625813656,1263,,1,Moers,,Papierkorb,,,,0.5
Papierkorb 200001295,51.40666746,6.625727825,1264,,1,Moers,,Papierkorb,,,,0.5
Papierkorb 200001475,51.40611073,6.627731686,1265,,1,Moers,,Papierkorb,,,,0.5
Papierkorb 200001477,51.40659227,6.626128647,1266,,1,Moers,,Papierkorb,,,,0.5
Papierkorb 200001293,51.41210086,6.626778832,1267,,1,Moers,,Papierkorb,,,,0.5
Papierkorb 200001310,51.3964324,6.63603371,1268,,1,Moers,,Papierkorb,,,,0.5
Papierkorb 200000391,51.41919061,6.595048802,1269,,1,Moers,,Papierkorb,,,,0.5
Papierkorb 200000392,51.41990776,6.595503855,1270,,1,Moers,,Papierkorb,,,,0.5
Papierkorb 200000393,51.4167829,6.594400294,1271,,1,Moers,,Papierkorb,,,,0.5
Papierkorb 200000394,51.41782109,6.594268866,1272,,1,Moers,,Papierkorb,,,,0.5
Papierkorb 200000395,51.41667704,6.594930114,1273,,1,Moers,,Papierkorb,,,,0.5
Papierkorb 200000396,51.4168922,6.59417063,1274,,1,Moers,,Papierkorb,,,,0.5
Papierkorb 200001511,51.4177392,6.594498111,1275,,1,Moers,,Papierkorb,,,,0.5
Papierkorb 200001512,51.41795771,6.592833633,1276,,1,Moers,,Papierkorb,,,,0.5
Papierkorb 200001513,51.41688198,6.594516048,1277,,1,Moers,,Papierkorb,,,,0.5
Papierkorb 200001514,51.4164312,6.594884014,1278,,1,Moers,,Papierkorb,,,,0.5
Papierkorb 200001515,51.41646875,6.59438068,1279,,1,Moers,,Papierkorb,,,,0.5
Papierkorb 200000385,51.42485962,6.592808068,1280,,1,Moers,,Papierkorb,,,,0.5
Papierkorb 200001425,51.42339799,6.593968291,1281,,1,Moers,,Papierkorb,,,,0.5
Papierkorb 200001426,51.42471621,6.592662055,1282,,1,Moers,,Papierkorb,,,,0.5
Papierkorb 200001428,51.42178263,6.5929545,1283,,1,Moers,,Papierkorb,,,,0.5
Papierkorb 200001429,51.42150946,6.593094897,1284,,1,Moers,,Papierkorb,,,,0.5
Papierkorb 200001510,51.41921793,6.602611039,1285,,1,Moers,,Papierkorb,,,,0.5
Papierkorb 200001420,51.4230804,6.59941284,1286,,1,Moers,,Papierkorb,,,,0.5
Papierkorb 200001421,51.42334334,6.599142607,1287,,1,Moers,,Papierkorb,,,,0.5
Papierkorb 200001422,51.42345599,6.598942867,1288,,1,Moers,,Papierkorb,,,,0.5
Papierkorb 200001423,51.42384198,6.598271308,1289,,1,Moers,,Papierkorb,,,,0.5
Papierkorb 200001424,51.42408103,6.598145831,1290,,1,Moers,,Papierkorb,,,,0.5
Papierkorb 200001427,51.42358918,6.598915542,1291,,1,Moers,,Papierkorb,,,,0.5
Papierkorb 200001531,51.42283791,6.599826487,1292,,1,Moers,,Papierkorb,,,,0.5
Papierkorb 200000383,51.42783763,6.596944118,1293,,1,Moers,,Papierkorb,,,,0.5
Papierkorb 200000384,51.42753705,6.595933679,1294,,1,Moers,,Papierkorb,,,,0.5
Papierkorb 200001462,51.41834705,6.613754528,1295,,1,Moers,,Papierkorb,,,,0.5
Papierkorb 200001463,51.41772889,6.612538733,1296,,1,Moers,,Papierkorb,,,,0.5
Papierkorb 200001464,51.41710058,6.611322518,1297,,1,Moers,,Papierkorb,,,,0.5
Papierkorb 200000387,51.4255119,6.611808334,1298,,1,Moers,,Papierkorb,,,,0.5
Papierkorb 200000388,51.42444983,6.612225836,1299,,1,Moers,,Papierkorb,,,,0.5
Papierkorb 200000390,51.42419024,6.613199981,1300,,1,Moers,,Papierkorb,,,,0.5
Papierkorb 200001527,51.42521141,6.611877065,1301,,1,Moers,,Papierkorb,,,,0.5
Papierkorb 200001528,51.42518752,6.611890728,1302,,1,Moers,,Papierkorb,,,,0.5
Papierkorb 200001529,51.42542993,6.610470917,1303,,1,Moers,,Papierkorb,,,,0.5
Papierkorb 200001530,51.42557343,6.610874757,1304,,1,Moers,,Papierkorb,,,,0.5
Papierkorb 200000375,51.44750174,6.600408778,1305,,1,Moers,,Papierkorb,,,,0.5
Papierkorb 200000376,51.44775781,6.60059955,1306,,1,Moers,,Papierkorb,,,,0.5
Papierkorb 200000837,51.45166126,6.601484511,1307,,1,Moers,,Papierkorb,,,,0.5
Papierkorb 200000838,51.45219745,6.602167552,1308,,1,Moers,,Papierkorb,,,,0.5
Papierkorb 200000839,51.45231698,6.599867893,1309,,1,Moers,,Papierkorb,,,,0.5
Papierkorb 200000840,51.4522863,6.599891363,1310,,1,Moers,,Papierkorb,,,,0.5
Papierkorb 200000841,51.45230331,6.599868312,1311,,1,Moers,,Papierkorb,,,,0.5
Papierkorb 200000842,51.45230331,6.599881975,1312,,1,Moers,,Papierkorb,,,,0.5
Papierkorb 200000843,51.45224188,6.599901589,1313,,1,Moers,,Papierkorb,,,,0.5
Papierkorb 200001378,51.44921266,6.600158159,1314,,1,Moers,,Papierkorb,,,,0.5
Papierkorb 200001379,51.44926052,6.600186741,1315,,1,Moers,,Papierkorb,,,,0.5
Papierkorb 200001380,51.44928097,6.600015163,1316,,1,Moers,,Papierkorb,,,,0.5
Papierkorb 200001377,51.44674016,6.603793558,1317,,1,Moers,,Papierkorb,,,,0.5
Papierkorb 200000374,51.44288792,6.611825852,1318,,1,Moers,,Papierkorb,,,,0.5
Papierkorb 200000380,51.43852003,6.610228848,1319,,1,Moers,,Papierkorb,,,,0.5
Papierkorb 200000381,51.43865665,6.61027411,1320,,1,Moers,,Papierkorb,,,,0.5
Papierkorb 200001352,51.44257033,6.61311591,1321,,1,Moers,,Papierkorb,,,,0.5
Papierkorb 200001353,51.44259766,6.612973334,1322,,1,Moers,,Papierkorb,,,,0.5
Papierkorb 200001355,51.44219809,6.613024967,1323,,1,Moers,,Papierkorb,,,,0.5
Papierkorb 200001357,51.44146727,6.612582738,1324,,1,Moers,,Papierkorb,,,,0.5
Papierkorb 200001358,51.44053831,6.612771833,1325,,1,Moers,,Papierkorb,,,,0.5
Papierkorb 200001361,51.43979383,6.612575026,1326,,1,Moers,,Papierkorb,,,,0.5
Papierkorb 200001362,51.4399509,6.612706957,1327,,1,Moers,,Papierkorb,,,,0.5
Papierkorb 200001363,51.4400022,6.61273554,1328,,1,Moers,,Papierkorb,,,,0.5
Papierkorb 200001364,51.43985191,6.613669116,1329,,1,Moers,,Papierkorb,,,,0.5
Papierkorb 200001367,51.43922352,6.612006817,1330,,1,Moers,,Papierkorb,,,,0.5
Papierkorb 200001368,51.43929862,6.613187157,1331,,1,Moers,,Papierkorb,,,,0.5
Papierkorb 200001369,51.43927817,6.613344317,1332,,1,Moers,,Papierkorb,,,,0.5
Papierkorb 200001458,51.44030269,6.61153215,1333,,1,Moers,,Papierkorb,,,,0.5
Papierkorb 200001459,51.44073981,6.611710601,1334,,1,Moers,,Papierkorb,,,,0.5
Papierkorb 200001460,51.44025827,6.611833563,1335,,1,Moers,,Papierkorb,,,,0.5
Papierkorb 200001461,51.43910056,6.61367381,1336,,1,Moers,,Papierkorb,,,,0.5
Papierkorb 200000365,51.44796275,6.61222416,1337,,1,Moers,,Papierkorb,,,,0.5
Papierkorb 200000778,51.44836231,6.613769447,1338,,1,Moers,,Papierkorb,,,,0.5
Papierkorb 200000779,51.44860824,6.613355381,1339,,1,Moers,,Papierkorb,,,,0.5
Papierkorb 200001148,51.44871745,6.613413887,1340,,1,Moers,,Papierkorb,,,,0.5
Papierkorb 200001149,51.4487892,6.613444565,1341,,1,Moers,,Papierkorb,,,,0.5
Papierkorb 200001173,51.44765882,6.61305489,1342,,1,Moers,,Papierkorb,,,,0.5
Papierkorb 200001174,51.44688701,6.612914409,1343,,1,Moers,,Papierkorb,,,,0.5
Papierkorb 200001175,51.44722849,6.61297719,1344,,1,Moers,,Papierkorb,,,,0.5
Papierkorb 200001189,51.44379292,6.612312505,1345,,1,Moers,,Papierkorb,,,,0.5
Papierkorb 200001190,51.44796618,6.61311633,1346,,1,Moers,,Papierkorb,,,,0.5
Papierkorb 200001192,51.44493017,6.612557927,1347,,1,Moers,,Papierkorb,,,,0.5
Papierkorb 200001193,51.44536042,6.612650128,1348,,1,Moers,,Papierkorb,,,,0.5
Papierkorb 200001194,51.44569854,6.612697989,1349,,1,Moers,,Papierkorb,,,,0.5
Papierkorb 200001195,51.44619718,6.612791028,1350,,1,Moers,,Papierkorb,,,,0.5
Papierkorb 200000175,51.44997767,6.605461808,1351,,1,Moers,,Papierkorb,,,,0.5
Papierkorb 200000176,51.44955078,6.605168525,1352,,1,Moers,,Papierkorb,,,,0.5
Papierkorb 200001376,51.44927074,6.606386919,1353,,1,Moers,,Papierkorb,,,,0.5
Papierkorb 200000171,51.45125147,6.613664422,1354,,1,Moers,,Papierkorb,,,,0.5
Papierkorb 200000174,51.44961222,6.6099877,1355,,1,Moers,,Papierkorb,,,,0.5
Papierkorb 200000382,51.4505582,6.609165519,1356,,1,Moers,,Papierkorb,,,,0.5
Papierkorb 200000776,51.44916144,6.613333588,1357,,1,Moers,,Papierkorb,,,,0.5
Papierkorb 200000177,51.45897305,6.610847013,1358,,1,Moers,,Papierkorb,,,,0.5
Papierkorb 200001346,51.42074101,6.616087044,1359,,1,Moers,,Papierkorb,,,,0.5
Papierkorb 200001347,51.4213694,6.616382422,1360,,1,Moers,,Papierkorb,,,,0.5
Papierkorb 200001348,51.42026978,6.615864588,1361,,1,Moers,,Papierkorb,,,,0.5
Papierkorb 200001349,51.41937157,6.615249021,1362,,1,Moers,,Papierkorb,,,,0.5
Papierkorb 200001351,51.42040632,6.615305431,1363,,1,Moers,,Papierkorb,,,,0.5
Papierkorb 200000389,51.4237429,6.613885118,1364,,1,Moers,,Papierkorb,,,,0.5
Papierkorb 200001343,51.42345599,6.617360003,1365,,1,Moers,,Papierkorb,,,,0.5
Papierkorb 200001344,51.42369848,6.617463771,1366,,1,Moers,,Papierkorb,,,,0.5
Papierkorb 200001345,51.42425856,6.617715564,1367,,1,Moers,,Papierkorb,,,,0.5
Papierkorb 200001350,51.42243834,6.616886174,1368,,1,Moers,,Papierkorb,,,,0.5
Papierkorb 200001455,51.42651941,6.618494242,1369,,1,Moers,,Papierkorb,,,,0.5
Papierkorb 200001456,51.42521141,6.618203139,1370,,1,Moers,,Papierkorb,,,,0.5
Papierkorb 200001457,51.42494839,6.618040865,1371,,1,Moers,,Papierkorb,,,,0.5
Papierkorb 200001370,51.43079166,6.619127328,1372,,1,Moers,,Papierkorb,,,,0.5
Papierkorb 200001371,51.42995833,6.619230593,1373,,1,Moers,,Papierkorb,,,,0.5
Papierkorb 200001452,51.42786152,6.618785346,1374,,1,Moers,,Papierkorb,,,,0.5
Papierkorb 200001453,51.42886894,6.61900009,1375,,1,Moers,,Papierkorb,,,,0.5
Papierkorb 200001454,51.42756094,6.618723907,1376,,1,Moers,,Papierkorb,,,,0.5
Papierkorb 200000386,51.43108193,6.619418012,1377,,1,Moers,,Papierkorb,,,,0.5
Papierkorb 200001309,51.43777211,6.62100479,1378,,1,Moers,,Papierkorb,,,,0.5
Papierkorb 200001188,51.44305866,6.613871036,1379,,1,Moers,,Papierkorb,,,,0.5
Papierkorb 200001356,51.44201025,6.613913784,1380,,1,Moers,,Papierkorb,,,,0.5
Papierkorb 200001360,51.43966064,6.615449684,1381,,1,Moers,,Papierkorb,,,,0.5
Papierkorb 200001365,51.439507,6.616195925,1382,,1,Moers,,Papierkorb,,,,0.5
Papierkorb 200001366,51.43930893,6.613863409,1383,,1,Moers,,Papierkorb,,,,0.5
Papierkorb 200000364,51.44716018,6.614917768,1384,,1,Moers,,Papierkorb,,,,0.5
Papierkorb 200000379,51.44723872,6.614415357,1385,,1,Moers,,Papierkorb,,,,0.5
Papierkorb 200001158,51.44578052,6.617560247,1386,,1,Moers,,Papierkorb,,,,0.5
Papierkorb 200001159,51.44624152,6.617682287,1387,,1,Moers,,Papierkorb,,,,0.5
Papierkorb 200001161,51.44653179,6.617829977,1388,,1,Moers,,Papierkorb,,,,0.5
Papierkorb 200001165,51.44636792,6.616791794,1389,,1,Moers,,Papierkorb,,,,0.5
Papierkorb 200001169,51.44671284,6.614422565,1390,,1,Moers,,Papierkorb,,,,0.5
Papierkorb 200001170,51.44671284,6.614422565,1391,,1,Moers,,Papierkorb,,,,0.5
Papierkorb 200001171,51.44671963,6.614422565,1392,,1,Moers,,Papierkorb,,,,0.5
Papierkorb 200001172,51.44722849,6.614055941,1393,,1,Moers,,Papierkorb,,,,0.5
Papierkorb 200001187,51.4445203,6.615558984,1394,,1,Moers,,Papierkorb,,,,0.5
Papierkorb 200001191,51.44539118,6.616937388,1395,,1,Moers,,Papierkorb,,,,0.5
Papierkorb 200000377,51.43903225,6.621064972,1396,,1,Moers,,Papierkorb,,,,0.5
Papierkorb 200000378,51.43933626,6.620852826,1397,,1,Moers,,Papierkorb,,,,0.5
Papierkorb 200001298,51.44162091,6.624335758,1398,,1,Moers,,Papierkorb,,,,0.5
Papierkorb 200001301,51.44106771,6.623149468,1399,,1,Moers,,Papierkorb,,,,0.5
Papierkorb 200001305,51.44001243,6.621869216,1400,,1,Moers,,Papierkorb,,,,0.5
Papierkorb 200001306,51.44064082,6.622539014,1401,,1,Moers,,Papierkorb,,,,0.5
Papierkorb 200000165,51.45225897,6.61888442,1402,,1,Moers,,Papierkorb,,,,0.5
Papierkorb 200000172,51.45098166,6.614653151,1403,,1,Moers,,Papierkorb,,,,0.5
Papierkorb 200000173,51.4510705,6.613906492,1404,,1,Moers,,Papierkorb,,,,0.5
Papierkorb 200000609,51.45276776,6.615382209,1405,,1,Moers,,Papierkorb,,,,0.5
Papierkorb 200000127,51.4530478,6.624290915,1406,,1,Moers,,Papierkorb,,,,0.5
Papierkorb 200000130,51.45287027,6.624072399,1407,,1,Moers,,Papierkorb,,,,0.5
Papierkorb 200000144,51.45410995,6.624419829,1408,,1,Moers,,Papierkorb,,,,0.5
Papierkorb 200000145,51.45189009,6.623972487,1409,,1,Moers,,Papierkorb,,,,0.5
Papierkorb 200000146,51.45251169,6.623478122,1410,,1,Moers,,Papierkorb,,,,0.5
Papierkorb 200000147,51.45185254,6.624504402,1411,,1,Moers,,Papierkorb,,,,0.5
Papierkorb 200000163,51.45438999,6.623430345,1412,,1,Moers,,Papierkorb,,,,0.5
Papierkorb 200000164,51.45280195,6.620504055,1413,,1,Moers,,Papierkorb,,,,0.5
Papierkorb 200000166,51.45225897,6.622265764,1414,,1,Moers,,Papierkorb,,,,0.5
Papierkorb 200000167,51.45204037,6.623198083,1415,,1,Moers,,Papierkorb,,,,0.5
Papierkorb 200000168,51.4523785,6.620800272,1416,,1,Moers,,Papierkorb,,,,0.5
Papierkorb 200000169,51.45116271,6.620092504,1417,,1,Moers,,Papierkorb,,,,0.5
Papierkorb 200000170,51.45128902,6.620526686,1418,,1,Moers,,Papierkorb,,,,0.5
Papierkorb 200000363,51.45074948,6.623943066,1419,,1,Moers,,Papierkorb,,,,0.5
Papierkorb 200000710,51.45072894,6.624258477,1420,,1,Moers,,Papierkorb,,,,0.5
Papierkorb 200000726,51.45100898,6.623931918,1421,,1,Moers,,Papierkorb,,,,0.5
Papierkorb 200000727,51.45101929,6.624003667,1422,,1,Moers,,Papierkorb,,,,0.5
Papierkorb 200000728,51.45319129,6.622134335,1423,,1,Moers,,Papierkorb,,,,0.5
Papierkorb 200000836,51.45364886,6.624097964,1424,,1,Moers,,Papierkorb,,,,0.5
Papierkorb 200000143,51.45605992,6.623137482,1425,,1,Moers,,Papierkorb,,,,0.5
Papierkorb 200000162,51.45691026,6.623236137,1426,,1,Moers,,Papierkorb,,,,0.5
Papierkorb 200000371,51.44256011,6.629511751,1427,,1,Moers,,Papierkorb,,,,0.5
Papierkorb 200000372,51.44347876,6.625081496,1428,,1,Moers,,Papierkorb,,,,0.5
Papierkorb 200000373,51.44224243,6.625408558,1429,,1,Moers,,Papierkorb,,,,0.5
Papierkorb 200000768,51.44260788,6.626118841,1430,,1,Moers,,Papierkorb,,,,0.5
Papierkorb 200000769,51.44292204,6.626813449,1431,,1,Moers,,Papierkorb,,,,0.5
Papierkorb 200001098,51.44311331,6.62716046,1432,,1,Moers,,Papierkorb,,,,0.5
Papierkorb 200001101,51.44064082,6.627271017,1433,,1,Moers,,Papierkorb,,,,0.5
Papierkorb 200001302,51.44145361,6.624808749,1434,,1,Moers,,Papierkorb,,,,0.5
Papierkorb 200001303,51.44063051,6.626968766,1435,,1,Moers,,Papierkorb,,,,0.5
Papierkorb 200001304,51.44080133,6.627143361,1436,,1,Moers,,Papierkorb,,,,0.5
Papierkorb 200000368,51.44642592,6.628946979,1437,,1,Moers,,Papierkorb,,,,0.5
Papierkorb 200001089,51.44628938,6.629117718,1438,,1,Moers,,Papierkorb,,,,0.5
Papierkorb 200001090,51.44636792,6.629175385,1439,,1,Moers,,Papierkorb,,,,0.5
Papierkorb 200001092,51.44469112,6.630103011,1440,,1,Moers,,Papierkorb,,,,0.5
Papierkorb 200001094,51.44448275,6.629812326,1441,,1,Moers,,Papierkorb,,,,0.5
Papierkorb 200001095,51.44383047,6.628552107,1442,,1,Moers,,Papierkorb,,,,0.5
Papierkorb 200001096,51.44413783,6.629130961,1443,,1,Moers,,Papierkorb,,,,0.5
Papierkorb 200001097,51.44355043,6.627986915,1444,,1,Moers,,Papierkorb,,,,0.5
Papierkorb 200000370,51.44242692,6.631596247,1445,,1,Moers,,Papierkorb,,,,0.5
Papierkorb 200001099,51.44209902,6.633289307,1446,,1,Moers,,Papierkorb,,,,0.5
Papierkorb 200001100,51.44224243,6.633851901,1447,,1,Moers,,Papierkorb,,,,0.5
Papierkorb 200001285,51.44080133,6.632119613,1448,,1,Moers,,Papierkorb,,,,0.5
Papierkorb 200001286,51.44019683,6.635664487,1449,,1,Moers,,Papierkorb,,,,0.5
Papierkorb 200000366,51.44773736,6.633597091,1450,,1,Moers,,Papierkorb,,,,0.5
Papierkorb 200001022,51.44791153,6.631829347,1451,,1,Moers,,Papierkorb,,,,0.5
Papierkorb 200001023,51.44788077,6.632030848,1452,,1,Moers,,Papierkorb,,,,0.5
Papierkorb 200001024,51.44727292,6.634152057,1453,,1,Moers,,Papierkorb,,,,0.5
Papierkorb 200001025,51.44731047,6.634483309,1454,,1,Moers,,Papierkorb,,,,0.5
Papierkorb 200001026,51.44779201,6.63164109,1455,,1,Moers,,Papierkorb,,,,0.5
Papierkorb 200001027,51.44783978,6.631900594,1456,,1,Moers,,Papierkorb,,,,0.5
Papierkorb 200001088,51.44693135,6.633383604,1457,,1,Moers,,Papierkorb,,,,0.5
Papierkorb 200001091,51.44568144,6.631525839,1458,,1,Moers,,Papierkorb,,,,0.5
Papierkorb 200001093,51.44497116,6.630580695,1459,,1,Moers,,Papierkorb,,,,0.5
Papierkorb 200000125,51.45416116,6.628349349,1460,,1,Moers,,Papierkorb,,,,0.5
Papierkorb 200000128,51.45301024,6.624909081,1461,,1,Moers,,Papierkorb,,,,0.5
Papierkorb 200000129,51.45285996,6.625654399,1462,,1,Moers,,Papierkorb,,,,0.5
Papierkorb 200000131,51.45269265,6.625278303,1463,,1,Moers,,Papierkorb,,,,0.5
Papierkorb 200000132,51.45291125,6.62713741,1464,,1,Moers,,Papierkorb,,,,0.5
Papierkorb 200000133,51.45252191,6.626600381,1465,,1,Moers,,Papierkorb,,,,0.5
Papierkorb 200000134,51.45245017,6.627576705,1466,,1,Moers,,Papierkorb,,,,0.5
Papierkorb 200000136,51.45127879,6.627085777,1467,,1,Moers,,Papierkorb,,,,0.5
Papierkorb 200000137,51.45119003,6.628033435,1468,,1,Moers,,Papierkorb,,,,0.5
Papierkorb 200000138,51.4510705,6.627715426,1469,,1,Moers,,Papierkorb,,,,0.5
Papierkorb 200000139,51.45088946,6.628448004,1470,,1,Moers,,Papierkorb,,,,0.5
Papierkorb 200000140,51.45093044,6.628045002,1471,,1,Moers,,Papierkorb,,,,0.5
Papierkorb 200000141,51.45065384,6.629322236,1472,,1,Moers,,Papierkorb,,,,0.5
Papierkorb 200000148,51.45219401,6.6251281,1473,,1,Moers,,Papierkorb,,,,0.5
Papierkorb 200000149,51.45196863,6.625312082,1474,,1,Moers,,Papierkorb,,,,0.5
Papierkorb 200000150,51.45157937,6.626141053,1475,,1,Moers,,Papierkorb,,,,0.5
Papierkorb 200000151,51.45173301,6.624877062,1476,,1,Moers,,Papierkorb,,,,0.5
Papierkorb 200000152,51.45156227,6.625176715,1477,,1,Moers,,Papierkorb,,,,0.5
Papierkorb 200000153,51.45134711,6.626669532,1478,,1,Moers,,Papierkorb,,,,0.5
Papierkorb 200000326,51.45155204,6.630196469,1479,,1,Moers,,Papierkorb,,,,0.5
Papierkorb 200000328,51.4519413,6.629843004,1480,,1,Moers,,Papierkorb,,,,0.5
Papierkorb 200000329,51.45097143,6.629541675,1481,,1,Moers,,Papierkorb,,,,0.5
Papierkorb 200000330,51.45101929,6.629556594,1482,,1,Moers,,Papierkorb,,,,0.5
Papierkorb 200000331,51.45108073,6.629586434,1483,,1,Moers,,Papierkorb,,,,0.5
Papierkorb 200000332,51.45097143,6.629887009,1484,,1,Moers,,Papierkorb,,,,0.5
Papierkorb 200000333,51.45101929,6.629959596,1485,,1,Moers,,Papierkorb,,,,0.5
Papierkorb 200000334,51.45087244,6.629627002,1486,,1,Moers,,Papierkorb,,,,0.5
Papierkorb 200000335,51.45093044,6.62980034,1487,,1,Moers,,Papierkorb,,,,0.5
Papierkorb 200000336,51.45087244,6.629856667,1488,,1,Moers,,Papierkorb,,,,0.5
Papierkorb 200000337,51.45076314,6.62958174,1489,,1,Moers,,Papierkorb,,,,0.5
Papierkorb 200000338,51.45082802,6.629339335,1490,,1,Moers,,Papierkorb,,,,0.5
Papierkorb 200000339,51.45224866,6.628882522,1491,,1,Moers,,Papierkorb,,,,0.5
Papierkorb 200000340,51.45125147,6.629057117,1492,,1,Moers,,Papierkorb,,,,0.5
Papierkorb 200000341,51.45156227,6.62893164,1493,,1,Moers,,Papierkorb,,,,0.5
Papierkorb 200000342,51.45037724,6.627145959,1494,,1,Moers,,Papierkorb,,,,0.5
Papierkorb 200000343,51.45048654,6.626887713,1495,,1,Moers,,Papierkorb,,,,0.5
Papierkorb 200000361,51.45002889,6.625674013,1496,,1,Moers,,Papierkorb,,,,0.5
Papierkorb 200000362,51.45030205,6.626036447,1497,,1,Moers,,Papierkorb,,,,0.5
Papierkorb 200000711,51.45029183,6.625187863,1498,,1,Moers,,Papierkorb,,,,0.5
Papierkorb 200000712,51.45002201,6.624996169,1499,,1,Moers,,Papierkorb,,,,0.5
Papierkorb 200000724,51.45375816,6.625969056,1500,,1,Moers,,Papierkorb,,,,0.5
Papierkorb 200000725,51.4505582,6.625393555,1501,,1,Moers,,Papierkorb,,,,0.5
Papierkorb 200001050,51.45173301,6.629738482,1502,,1,Moers,,Papierkorb,,,,0.5
Papierkorb 200001052,51.4512617,6.62986178,1503,,1,Moers,,Papierkorb,,,,0.5
Papierkorb 200001053,51.45156227,6.630153805,1504,,1,Moers,,Papierkorb,,,,0.5
Papierkorb 200001054,51.45163737,6.630039811,1505,,1,Moers,,Papierkorb,,,,0.5
Papierkorb 200001083,51.45112851,6.629889105,1506,,1,Moers,,Papierkorb,,,,0.5
Papierkorb 200001084,51.45197893,6.629296588,1507,,1,Moers,,Papierkorb,,,,0.5
Papierkorb 200001085,51.45219745,6.629227856,1508,,1,Moers,,Papierkorb,,,,0.5
Papierkorb 200001102,51.45045921,6.628843714,1509,,1,Moers,,Papierkorb,,,,0.5
Papierkorb 200001103,51.45030892,6.62890004,1510,,1,Moers,,Papierkorb,,,,0.5
Papierkorb 200000116,51.45500807,6.630202085,1511,,1,Moers,,Papierkorb,,,,0.5
Papierkorb 200000117,51.45681806,6.62933548,1512,,1,Moers,,Papierkorb,,,,0.5
Papierkorb 200000118,51.45692736,6.629565982,1513,,1,Moers,,Papierkorb,,,,0.5
Papierkorb 200000126,51.45477924,6.62845823,1514,,1,Moers,,Papierkorb,,,,0.5
Papierkorb 200000157,51.45993269,6.63001081,1515,,1,Moers,,Papierkorb,,,,0.5
Papierkorb 200000797,51.45493641,6.626964072,1516,,1,Moers,,Papierkorb,,,,0.5
Papierkorb 200000798,51.45526079,6.62708234,1517,,1,Moers,,Papierkorb,,,,0.5
Papierkorb 200000799,51.45518912,6.627312843,1518,,1,Moers,,Papierkorb,,,,0.5
Papierkorb 200000824,51.45591994,6.625653561,1519,,1,Moers,,Papierkorb,,,,0.5
Papierkorb 200000825,51.45604969,6.625699243,1520,,1,Moers,,Papierkorb,,,,0.5
Papierkorb 200000827,51.45576965,6.625579717,1521,,1,Moers,,Papierkorb,,,,0.5
Papierkorb 200000828,51.45517881,6.625326583,1522,,1,Moers,,Papierkorb,,,,0.5
Papierkorb 200000829,51.45533932,6.625386765,1523,,1,Moers,,Papierkorb,,,,0.5
Papierkorb 200000830,51.45546916,6.625460191,1524,,1,Moers,,Papierkorb,,,,0.5
Papierkorb 200000831,51.45562967,6.625520373,1525,,1,Moers,,Papierkorb,,,,0.5
Papierkorb 200000832,51.45458805,6.625073869,1526,,1,Moers,,Papierkorb,,,,0.5
Papierkorb 200000833,51.45474169,6.62513447,1527,,1,Moers,,Papierkorb,,,,0.5
Papierkorb 200000834,51.45488854,6.625193814,1528,,1,Moers,,Papierkorb,,,,0.5
Papierkorb 200000835,51.45447188,6.625043945,1529,,1,Moers,,Papierkorb,,,,0.5
Papierkorb 200000122,51.45015864,6.634881618,1530,,1,Moers,,Papierkorb,,,,0.5
Papierkorb 200000123,51.45030892,6.633689711,1531,,1,Moers,,Papierkorb,,,,0.5
Papierkorb 200000124,51.45030205,6.634063628,1532,,1,Moers,,Papierkorb,,,,0.5
Papierkorb 200000135,51.45176033,6.630501738,1533,,1,Moers,,Papierkorb,,,,0.5
Papierkorb 200000324,51.44985815,6.631325176,1534,,1,Moers,,Papierkorb,,,,0.5
Papierkorb 200000325,51.45178079,6.630372824,1535,,1,Moers,,Papierkorb,,,,0.5
Papierkorb 200000327,51.45093044,6.630433006,1536,,1,Moers,,Papierkorb,,,,0.5
Papierkorb 200000347,51.44967031,6.634846581,1537,,1,Moers,,Papierkorb,,,,0.5
Papierkorb 200000348,51.4504831,6.632714309,1538,,1,Moers,,Papierkorb,,,,0.5
Papierkorb 200000349,51.45051043,6.633017398,1539,,1,Moers,,Papierkorb,,,,0.5
Papierkorb 200000350,51.45004934,6.631974941,1540,,1,Moers,,Papierkorb,,,,0.5
Papierkorb 200000351,51.45048654,6.631721724,1541,,1,Moers,,Papierkorb,,,,0.5
Papierkorb 200000352,51.45069139,6.631666655,1542,,1,Moers,,Papierkorb,,,,0.5
Papierkorb 200000353,51.45065384,6.631925404,1543,,1,Moers,,Papierkorb,,,,0.5
Papierkorb 200000354,51.45070849,6.631925404,1544,,1,Moers,,Papierkorb,,,,0.5
Papierkorb 200000355,51.44968397,6.63153816,1545,,1,Moers,,Papierkorb,,,,0.5
Papierkorb 200000367,51.45086213,6.631151838,1546,,1,Moers,,Papierkorb,,,,0.5
Papierkorb 200001048,51.45235118,6.634724876,1547,,1,Moers,,Papierkorb,,,,0.5
Papierkorb 200001049,51.4523614,6.632927293,1548,,1,Moers,,Papierkorb,,,,0.5
Papierkorb 200000598,51.47012668,6.59614373,1549,,1,Moers,,Papierkorb,,,,0.5
Papierkorb 200000599,51.47013699,6.596071562,1550,,1,Moers,,Papierkorb,,,,0.5
Papierkorb 200000057,51.47266069,6.594938664,1551,,1,Moers,,Papierkorb,,,,0.5
Papierkorb 200000058,51.47268802,6.595083755,1552,,1,Moers,,Papierkorb,,,,0.5
Papierkorb 200000059,51.47240798,6.594547145,1553,,1,Moers,,Papierkorb,,,,0.5
Papierkorb 200000060,51.47234654,6.594574889,1554,,1,Moers,,Papierkorb,,,,0.5
Papierkorb 200000061,51.47228845,6.594603136,1555,,1,Moers,,Papierkorb,,,,0.5
Papierkorb 200000062,51.47239088,6.595224235,1556,,1,Moers,,Papierkorb,,,,0.5
Papierkorb 200000063,51.4724695,6.594518563,1557,,1,Moers,,Papierkorb,,,,0.5
Papierkorb 200000064,51.47252751,6.594490819,1558,,1,Moers,,Papierkorb,,,,0.5
Papierkorb 200000065,51.47258903,6.594462655,1559,,1,Moers,,Papierkorb,,,,0.5
Papierkorb 200000600,51.47807708,6.596104,1560,,1,Moers,,Papierkorb,,,,0.5
Papierkorb 200000596,51.47631143,6.598196207,1561,,1,Moers,,Papierkorb,,,,0.5
Papierkorb 200000597,51.47481903,6.599875186,1562,,1,Moers,,Papierkorb,,,,0.5
Papierkorb 200000049,51.47928944,6.602655044,1563,,1,Moers,,Papierkorb,,,,0.5
Papierkorb 200000593,51.47978799,6.602775827,1564,,1,Moers,,Papierkorb,,,,0.5
Papierkorb 200000034,51.47780727,6.605167268,1565,,1,Moers,,Papierkorb,,,,0.5
Papierkorb 200000575,51.47805998,6.607964225,1566,,1,Moers,,Papierkorb,,,,0.5
Papierkorb 200000594,51.47980853,6.602892,1567,,1,Moers,,Papierkorb,,,,0.5
Papierkorb 200000595,51.47855862,6.607725592,1568,,1,Moers,,Papierkorb,,,,0.5
Papierkorb 200000050,51.47155764,6.609258978,1569,,1,Moers,,Papierkorb,,,,0.5
Papierkorb 200000510,51.48142381,6.612227093,1570,,1,Moers,,Papierkorb,,,,0.5
Papierkorb 200000513,51.48165263,6.612128522,1571,,1,Moers,,Papierkorb,,,,0.5
Papierkorb 200000533,51.48114377,6.611287147,1572,,1,Moers,,Papierkorb,,,,0.5
Papierkorb 200000534,51.48129062,6.611288823,1573,,1,Moers,,Papierkorb,,,,0.5
Papierkorb 200000535,51.48143747,6.6112905,1574,,1,Moers,,Papierkorb,,,,0.5
Papierkorb 200000536,51.48189856,6.611311873,1575,,1,Moers,,Papierkorb,,,,0.5
Papierkorb 200000537,51.48068276,6.611280693,1576,,1,Moers,,Papierkorb,,,,0.5
Papierkorb 200000540,51.48083984,6.611282453,1577,,1,Moers,,Papierkorb,,,,0.5
Papierkorb 200000541,51.48099013,6.611284968,1578,,1,Moers,,Papierkorb,,,,0.5
Papierkorb 200000561,51.48159798,6.611308018,1579,,1,Moers,,Papierkorb,,,,0.5
Papierkorb 200000562,51.48175171,6.611295193,1580,,1,Moers,,Papierkorb,,,,0.5
Papierkorb 200000563,51.48189856,6.612147298,1581,,1,Moers,,Papierkorb,,,,0.5
Papierkorb 200000567,51.48052912,6.611279016,1582,,1,Moers,,Papierkorb,,,,0.5
Papierkorb 200000570,51.47955917,6.611266192,1583,,1,Moers,,Papierkorb,,,,0.5
Papierkorb 200000571,51.47965145,6.611065948,1584,,1,Moers,,Papierkorb,,,,0.5
Papierkorb 200000574,51.47876691,6.612335136,1585,,1,Moers,,Papierkorb,,,,0.5
Papierkorb 200000587,51.48007826,6.613460826,1586,,1,Moers,,Papierkorb,,,,0.5
Papierkorb 200000592,51.48007826,6.613202579,1587,,1,Moers,,Papierkorb,,,,0.5
Papierkorb 200000066,51.48334309,6.594488304,1588,,1,Moers,,Papierkorb,,,,0.5
Papierkorb 200000067,51.48257816,6.5953275,1589,,1,Moers,,Papierkorb,,,,0.5
Papierkorb 200000054,51.48990009,6.595192635,1590,,1,Moers,,Papierkorb,,,,0.5
Papierkorb 200000055,51.4899513,6.59477639,1591,,1,Moers,,Papierkorb,,,,0.5
Papierkorb 200000432,51.48850677,6.595073529,1592,,1,Moers,,Papierkorb,,,,0.5
Papierkorb 200000433,51.48835992,6.59438068,1593,,1,Moers,,Papierkorb,,,,0.5
Papierkorb 200000434,51.48842135,6.594812684,1594,,1,Moers,,Papierkorb,,,,0.5
Papierkorb 200000555,51.48825062,6.59494034,1595,,1,Moers,,Papierkorb,,,,0.5
Papierkorb 200000047,51.48261915,6.600063862,1596,,1,Moers,,Papierkorb,,,,0.5
Papierkorb 200000048,51.48236979,6.600118009,1597,,1,Moers,,Papierkorb,,,,0.5
Papierkorb 200000443,51.48679242,6.602249946,1598,,1,Moers,,Papierkorb,,,,0.5
Papierkorb 200000466,51.48674799,6.60180294,1599,,1,Moers,,Papierkorb,,,,0.5
Papierkorb 200000471,51.48652939,6.59965449,1600,,1,Moers,,Papierkorb,,,,0.5
Papierkorb 200000472,51.48697338,6.600308446,1601,,1,Moers,,Papierkorb,,,,0.5
Papierkorb 200000473,51.48662159,6.601124257,1602,,1,Moers,,Papierkorb,,,,0.5
Papierkorb 200000554,51.48740027,6.597723216,1603,,1,Moers,,Papierkorb,,,,0.5
Papierkorb 200000036,51.48984209,6.602664012,1604,,1,Moers,,Papierkorb,,,,0.5
Papierkorb 200000037,51.48941855,6.602485981,1605,,1,Moers,,Papierkorb,,,,0.5
Papierkorb 200000038,51.48981811,6.602016008,1606,,1,Moers,,Papierkorb,,,,0.5
Papierkorb 200000039,51.48902929,6.601761114,1607,,1,Moers,,Papierkorb,,,,0.5
Papierkorb 200000040,51.49005038,6.601442685,1608,,1,Moers,,Papierkorb,,,,0.5
Papierkorb 200000041,51.48998894,6.601846106,1609,,1,Moers,,Papierkorb,,,,0.5
Papierkorb 200000042,51.48962005,6.601697076,1610,,1,Moers,,Papierkorb,,,,0.5
Papierkorb 200000043,51.49011869,6.600667024,1611,,1,Moers,,Papierkorb,,,,0.5
Papierkorb 200000044,51.49008114,6.599974595,1612,,1,Moers,,Papierkorb,,,,0.5
Papierkorb 200000045,51.49025867,6.599718025,1613,,1,Moers,,Papierkorb,,,,0.5
Papierkorb 200000046,51.48954839,6.59874388,1614,,1,Moers,,Papierkorb,,,,0.5
Papierkorb 200000052,51.49014945,6.597743668,1615,,1,Moers,,Papierkorb,,,,0.5
Papierkorb 200000053,51.48992741,6.597827822,1616,,1,Moers,,Papierkorb,,,,0.5
Papierkorb 200000442,51.48991032,6.601008922,1617,,1,Moers,,Papierkorb,,,,0.5
Papierkorb 200000467,51.48997863,6.600693511,1618,,1,Moers,,Papierkorb,,,,0.5
Papierkorb 200000468,51.48747202,6.599969901,1619,,1,Moers,,Papierkorb,,,,0.5
Papierkorb 200000470,51.48744805,6.597450469,1620,,1,Moers,,Papierkorb,,,,0.5
Papierkorb 200000056,51.49897744,6.591912042,1621,,1,Moers,,Papierkorb,,,,0.5
Papierkorb 200000035,51.48982842,6.604766445,1622,,1,Moers,,Papierkorb,,,,0.5
Papierkorb 200000418,51.49115,6.606123056,1623,,1,Moers,,Papierkorb,,,,0.5
Papierkorb 200000424,51.48972935,6.607125364,1624,,1,Moers,,Papierkorb,,,,0.5
Papierkorb 200000425,51.48935711,6.606847504,1625,,1,Moers,,Papierkorb,,,,0.5
Papierkorb 200000426,51.4894903,6.606835099,1626,,1,Moers,,Papierkorb,,,,0.5
Papierkorb 200000440,51.49054902,6.604176443,1627,,1,Moers,,Papierkorb,,,,0.5
Papierkorb 200000441,51.49054902,6.604056079,1628,,1,Moers,,Papierkorb,,,,0.5
Papierkorb 200000029,51.48392715,6.613282375,1629,,1,Moers,,Papierkorb,,,,0.5
Papierkorb 200000030,51.48487313,6.613510363,1630,,1,Moers,,Papierkorb,,,,0.5
Papierkorb 200000031,51.48343873,6.613506088,1631,,1,Moers,,Papierkorb,,,,0.5
Papierkorb 200000475,51.48669678,6.613477925,1632,,1,Moers,,Papierkorb,,,,0.5
Papierkorb 200000476,51.48707237,6.613568785,1633,,1,Moers,,Papierkorb,,,,0.5
Papierkorb 200000477,51.48658748,6.613376336,1634,,1,Moers,,Papierkorb,,,,0.5
Papierkorb 200000483,51.48510874,6.612002542,1635,,1,Moers,,Papierkorb,,,,0.5
Papierkorb 200000484,51.48521117,6.611946216,1636,,1,Moers,,Papierkorb,,,,0.5
Papierkorb 200000485,51.48514973,6.613571802,1637,,1,Moers,,Papierkorb,,,,0.5
Papierkorb 200000486,51.48501998,6.611857032,1638,,1,Moers,,Papierkorb,,,,0.5
Papierkorb 200000514,51.48213074,6.611977397,1639,,1,Moers,,Papierkorb,,,,0.5
Papierkorb 200000519,51.4847023,6.61199701,1640,,1,Moers,,Papierkorb,,,,0.5
Papierkorb 200000520,51.48482183,6.611970104,1641,,1,Moers,,Papierkorb,,,,0.5
Papierkorb 200000527,51.48213074,6.611200059,1642,,1,Moers,,Papierkorb,,,,0.5
Papierkorb 200000025,51.48946297,6.609670948,1643,,1,Moers,,Papierkorb,,,,0.5
Papierkorb 200000026,51.48928201,6.60955268,1644,,1,Moers,,Papierkorb,,,,0.5
Papierkorb 200000419,51.48987964,6.610022234,1645,,1,Moers,,Papierkorb,,,,0.5
Papierkorb 200000427,51.49207897,6.612715088,1646,,1,Moers,,Papierkorb,,,,0.5
Papierkorb 200000428,51.49222238,6.61238635,1647,,1,Moers,,Papierkorb,,,,0.5
Papierkorb 200000429,51.4922497,6.612832854,1648,,1,Moers,,Papierkorb,,,,0.5
Papierkorb 200000430,51.48935711,6.612908877,1649,,1,Moers,,Papierkorb,,,,0.5
Papierkorb 200000161,51.46984329,6.622764403,1650,,1,Moers,,Papierkorb,,,,0.5
Papierkorb 200001181,51.46602181,6.624056138,1651,,1,Moers,,Papierkorb,,,,0.5
Papierkorb 200000607,51.47302271,6.614993373,1652,,1,Moers,,Papierkorb,,,,0.5
Papierkorb 200000683,51.47172838,6.616154937,1653,,1,Moers,,Papierkorb,,,,0.5
Papierkorb 200000246,51.48044027,6.618979219,1654,,1,Moers,,Papierkorb,,,,0.5
Papierkorb 200000249,51.479689,6.618162571,1655,,1,Moers,,Papierkorb,,,,0.5
Papierkorb 200000251,51.47977777,6.618956169,1656,,1,Moers,,Papierkorb,,,,0.5
Papierkorb 200000252,51.47960703,6.619168734,1657,,1,Moers,,Papierkorb,,,,0.5
Papierkorb 200000577,51.48025931,6.618371699,1658,,1,Moers,,Papierkorb,,,,0.5
Papierkorb 200000581,51.47962748,6.616678303,1659,,1,Moers,,Papierkorb,,,,0.5
Papierkorb 200000582,51.47974022,6.616435815,1660,,1,Moers,,Papierkorb,,,,0.5
Papierkorb 200000583,51.47777994,6.616409747,1661,,1,Moers,,Papierkorb,,,,0.5
Papierkorb 200000584,51.48011246,6.615389502,1662,,1,Moers,,Papierkorb,,,,0.5
Papierkorb 200000585,51.48019779,6.615463765,1663,,1,Moers,,Papierkorb,,,,0.5
Papierkorb 200000586,51.48062132,6.615009131,1664,,1,Moers,,Papierkorb,,,,0.5
Papierkorb 200000588,51.47977777,6.613874473,1665,,1,Moers,,Papierkorb,,,,0.5
Papierkorb 200000589,51.47990752,6.615776243,1666,,1,Moers,,Papierkorb,,,,0.5
Papierkorb 200000590,51.48069986,6.614706879,1667,,1,Moers,,Papierkorb,,,,0.5
Papierkorb 200000591,51.4805018,6.614791453,1668,,1,Moers,,Papierkorb,,,,0.5
Papierkorb 200000255,51.47553963,6.62203568,1669,,1,Moers,,Papierkorb,,,,0.5
Papierkorb 200000256,51.4756967,6.622095862,1670,,1,Moers,,Papierkorb,,,,0.5
Papierkorb 200000257,51.47559771,6.622454021,1671,,1,Moers,,Papierkorb,,,,0.5
Papierkorb 200000258,51.47570701,6.622671783,1672,,1,Moers,,Papierkorb,,,,0.5
Papierkorb 200000675,51.47285876,6.624115063,1673,,1,Moers,,Papierkorb,,,,0.5
Papierkorb 200000676,51.47266069,6.624256382,1674,,1,Moers,,Papierkorb,,,,0.5
Papierkorb 200000677,51.47333007,6.623646766,1675,,1,Moers,,Papierkorb,,,,0.5
Papierkorb 200000679,51.47285197,6.623164807,1676,,1,Moers,,Papierkorb,,,,0.5
Papierkorb 200000680,51.47286907,6.623467896,1677,,1,Moers,,Papierkorb,,,,0.5
Papierkorb 200000681,51.47296127,6.623051651,1678,,1,Moers,,Papierkorb,,,,0.5
Papierkorb 200000682,51.47209039,6.622017743,1679,,1,Moers,,Papierkorb,,,,0.5
Papierkorb 200000019,51.47677931,6.620469857,1680,,1,Moers,,Papierkorb,,,,0.5
Papierkorb 200000244,51.48104821,6.619476518,1681,,1,Moers,,Papierkorb,,,,0.5
Papierkorb 200000245,51.48115743,6.619377863,1682,,1,Moers,,Papierkorb,,,,0.5
Papierkorb 200000247,51.47996904,6.619491018,1683,,1,Moers,,Papierkorb,,,,0.5
Papierkorb 200000248,51.48004071,6.619535442,1684,,1,Moers,,Papierkorb,,,,0.5
Papierkorb 200000639,51.48187802,6.623100769,1685,,1,Moers,,Papierkorb,,,,0.5
Papierkorb 200000826,51.4651987,6.624845043,1686,,1,Moers,,Papierkorb,,,,0.5
Papierkorb 200000002,51.47083025,6.629757676,1687,,1,Moers,,Papierkorb,,,,0.5
Papierkorb 200000159,51.4700618,6.625257013,1688,,1,Moers,,Papierkorb,,,,0.5
Papierkorb 200000160,51.47023254,6.625634367,1689,,1,Moers,,Papierkorb,,,,0.5
Papierkorb 200000260,51.47091215,6.626621755,1690,,1,Moers,,Papierkorb,,,,0.5
Papierkorb 200000272,51.46941975,6.630213149,1691,,1,Moers,,Papierkorb,,,,0.5
Papierkorb 200000273,51.46848408,6.625423059,1692,,1,Moers,,Papierkorb,,,,0.5
Papierkorb 200000274,51.46734682,6.626111213,1693,,1,Moers,,Papierkorb,,,,0.5
Papierkorb 200000275,51.46694725,6.628552526,1694,,1,Moers,,Papierkorb,,,,0.5
Papierkorb 200000276,51.46694046,6.628654115,1695,,1,Moers,,Papierkorb,,,,0.5
Papierkorb 200000277,51.46667744,6.628620839,1696,,1,Moers,,Papierkorb,,,,0.5
Papierkorb 200000278,51.46677308,6.628809515,1697,,1,Moers,,Papierkorb,,,,0.5
Papierkorb 200000279,51.46653059,6.628389498,1698,,1,Moers,,Papierkorb,,,,0.5
Papierkorb 200000280,51.46605936,6.628555125,1699,,1,Moers,,Papierkorb,,,,0.5
Papierkorb 200000281,51.46615835,6.628973885,1700,,1,Moers,,Papierkorb,,,,0.5
Papierkorb 200000154,51.46074205,6.632828219,1701,,1,Moers,,Papierkorb,,,,0.5
Papierkorb 200000155,51.46062252,6.631674366,1702,,1,Moers,,Papierkorb,,,,0.5
Papierkorb 200000156,51.46074884,6.630453877,1703,,1,Moers,,Papierkorb,,,,0.5
Papierkorb 200000303,51.46501774,6.635448067,1704,,1,Moers,,Papierkorb,,,,0.5
Papierkorb 200000304,51.46503819,6.635635486,1705,,1,Moers,,Papierkorb,,,,0.5
Papierkorb 200000305,51.46063962,6.633171877,1706,,1,Moers,,Papierkorb,,,,0.5
Papierkorb 200000003,51.47073118,6.630620006,1707,,1,Moers,,Papierkorb,,,,0.5
Papierkorb 200000004,51.47036917,6.631334983,1708,,1,Moers,,Papierkorb,,,,0.5
Papierkorb 200000006,51.46651014,6.631267089,1709,,1,Moers,,Papierkorb,,,,0.5
Papierkorb 200000158,51.46552661,6.630821424,1710,,1,Moers,,Papierkorb,,,,0.5
Papierkorb 200000266,51.46944028,6.631149324,1711,,1,Moers,,Papierkorb,,,,0.5
Papierkorb 200000017,51.47137323,6.625519954,1712,,1,Moers,,Papierkorb,,,,0.5
Papierkorb 200000678,51.47384916,6.625006394,1713,,1,Moers,,Papierkorb,,,,0.5
Papierkorb 200000013,51.4772984,6.627544267,1714,,1,Moers,,Papierkorb,,,,0.5
Papierkorb 200000018,51.47773895,6.627088794,1715,,1,Moers,,Papierkorb,,,,0.5
Papierkorb 200000239,51.48045058,6.626204671,1716,,1,Moers,,Papierkorb,,,,0.5
Papierkorb 200000240,51.48032075,6.625772249,1717,,1,Moers,,Papierkorb,,,,0.5
Papierkorb 200000241,51.48117109,6.625668481,1718,,1,Moers,,Papierkorb,,,,0.5
Papierkorb 200000242,51.48104821,6.625982719,1719,,1,Moers,,Papierkorb,,,,0.5
Papierkorb 200000658,51.48005102,6.629999662,1720,,1,Moers,,Papierkorb,,,,0.5
Papierkorb 200000659,51.48089105,6.630068813,1721,,1,Moers,,Papierkorb,,,,0.5
Papierkorb 200000661,51.47880103,6.627247548,1722,,1,Moers,,Papierkorb,,,,0.5
Papierkorb 200000662,51.47705591,6.629282087,1723,,1,Moers,,Papierkorb,,,,0.5
Papierkorb 200000663,51.47711744,6.627254002,1724,,1,Moers,,Papierkorb,,,,0.5
Papierkorb 200000665,51.48063834,6.626610607,1725,,1,Moers,,Papierkorb,,,,0.5
Papierkorb 200000666,51.48071009,6.626769863,1726,,1,Moers,,Papierkorb,,,,0.5
Papierkorb 200000667,51.4805598,6.626163265,1727,,1,Moers,,Papierkorb,,,,0.5
Papierkorb 200000001,51.47452877,6.631823815,1728,,1,Moers,,Papierkorb,,,,0.5
Papierkorb 200000005,51.47121951,6.631720886,1729,,1,Moers,,Papierkorb,,,,0.5
Papierkorb 200000014,51.47535179,6.630928628,1730,,1,Moers,,Papierkorb,,,,0.5
Papierkorb 200000015,51.47572068,6.632199911,1731,,1,Moers,,Papierkorb,,,,0.5
Papierkorb 200000016,51.47520837,6.630351031,1732,,1,Moers,,Papierkorb,,,,0.5
Papierkorb 200000664,51.47559771,6.633694824,1733,,1,Moers,,Papierkorb,,,,0.5
Papierkorb 200000673,51.47309781,6.630725367,1734,,1,Moers,,Papierkorb,,,,0.5
Papierkorb 200000674,51.47413943,6.630853442,1735,,1,Moers,,Papierkorb,,,,0.5
Papierkorb 200000012,51.48024908,6.63167269,1736,,1,Moers,,Papierkorb,,,,0.5
Papierkorb 200000652,51.47920059,6.635645293,1737,,1,Moers,,Papierkorb,,,,0.5
Papierkorb 200000653,51.47933722,6.635676054,1738,,1,Moers,,Papierkorb,,,,0.5
Papierkorb 200000654,51.47933722,6.635676054,1739,,1,Moers,,Papierkorb,,,,0.5
Papierkorb 200000655,51.47933722,6.635676054,1740,,1,Moers,,Papierkorb,,,,0.5
Papierkorb 200000656,51.47935088,6.635676054,1741,,1,Moers,,Papierkorb,,,,0.5
Papierkorb 200000657,51.47941919,6.635676473,1742,,1,Moers,,Papierkorb,,,,0.5
Papierkorb 200000020,51.48436083,6.617030846,1743,,1,Moers,,Papierkorb,,,,0.5
Papierkorb 200000021,51.48514973,6.617041994,1744,,1,Moers,,Papierkorb,,,,0.5
Papierkorb 200000022,51.48549121,6.617132938,1745,,1,Moers,,Papierkorb,,,,0.5
Papierkorb 200000023,51.48419009,6.616092995,1746,,1,Moers,,Papierkorb,,,,0.5
Papierkorb 200000024,51.48286843,6.618709406,1747,,1,Moers,,Papierkorb,,,,0.5
Papierkorb 200000027,51.48430274,6.615807423,1748,,1,Moers,,Papierkorb,,,,0.5
Papierkorb 200000028,51.48606839,6.613987628,1749,,1,Moers,,Papierkorb,,,,0.5
Papierkorb 200000253,51.48221271,6.617419766,1750,,1,Moers,,Papierkorb,,,,0.5
Papierkorb 200000254,51.48222981,6.617232766,1751,,1,Moers,,Papierkorb,,,,0.5
Papierkorb 200000474,51.48693918,6.614704365,1752,,1,Moers,,Papierkorb,,,,0.5
Papierkorb 200000478,51.48634155,6.613774979,1753,,1,Moers,,Papierkorb,,,,0.5
Papierkorb 200000479,51.48581911,6.61415711,1754,,1,Moers,,Papierkorb,,,,0.5
Papierkorb 200000480,51.48565172,6.615307108,1755,,1,Moers,,Papierkorb,,,,0.5
Papierkorb 200000481,51.48538191,6.614683829,1756,,1,Moers,,Papierkorb,,,,0.5
Papierkorb 200000482,51.48734906,6.614522897,1757,,1,Moers,,Papierkorb,,,,0.5
Papierkorb 200000487,51.48494823,6.6150958,1758,,1,Moers,,Papierkorb,,,,0.5
Papierkorb 200000488,51.48466819,6.615652861,1759,,1,Moers,,Papierkorb,,,,0.5
Papierkorb 200000489,51.4847023,6.615366032,1760,,1,Moers,,Papierkorb,,,,0.5
Papierkorb 200000494,51.48410811,6.616308158,1761,,1,Moers,,Papierkorb,,,,0.5
Papierkorb 200000495,51.48373243,6.617151713,1762,,1,Moers,,Papierkorb,,,,0.5
Papierkorb 200000496,51.48380762,6.61686522,1763,,1,Moers,,Papierkorb,,,,0.5
Papierkorb 200000497,51.48382807,6.617196975,1764,,1,Moers,,Papierkorb,,,,0.5
Papierkorb 200000498,51.48434037,6.615980342,1765,,1,Moers,,Papierkorb,,,,0.5
Papierkorb 200000499,51.48447013,6.615722934,1766,,1,Moers,,Papierkorb,,,,0.5
Papierkorb 200000635,51.48434037,6.619234029,1767,,1,Moers,,Papierkorb,,,,0.5
Papierkorb 200000636,51.48475016,6.615625536,1768,,1,Moers,,Papierkorb,,,,0.5
Papierkorb 200000642,51.48268746,6.61872223,1769,,1,Moers,,Papierkorb,,,,0.5
Papierkorb 200000668,51.48232201,6.617506854,1770,,1,Moers,,Papierkorb,,,,0.5
Papierkorb 200000431,51.4874276,6.615662249,1771,,1,Moers,,Papierkorb,,,,0.5
Papierkorb 200000243,51.48220249,6.62445914,1772,,1,Moers,,Papierkorb,,,,0.5
Papierkorb 200000629,51.48441204,6.623956226,1773,,1,Moers,,Papierkorb,,,,0.5
Papierkorb 200000630,51.48442914,6.62417273,1774,,1,Moers,,Papierkorb,,,,0.5
Papierkorb 200000631,51.48665923,6.620661132,1775,,1,Moers,,Papierkorb,,,,0.5
Papierkorb 200000632,51.48669678,6.620301716,1776,,1,Moers,,Papierkorb,,,,0.5
Papierkorb 200000633,51.48691194,6.620175317,1777,,1,Moers,,Papierkorb,,,,0.5
Papierkorb 200000634,51.48680599,6.620015223,1778,,1,Moers,,Papierkorb,,,,0.5
Papierkorb 200000637,51.48255084,6.624218831,1779,,1,Moers,,Papierkorb,,,,0.5
Papierkorb 200000638,51.48245864,6.624405328,1780,,1,Moers,,Papierkorb,,,,0.5
Papierkorb 200000640,51.48312114,6.619937103,1781,,1,Moers,,Papierkorb,,,,0.5
Papierkorb 200000641,51.48312114,6.62028118,1782,,1,Moers,,Papierkorb,,,,0.5
Papierkorb 200000622,51.48586001,6.628425373,1783,,1,Moers,,Papierkorb,,,,0.5
Papierkorb 200000625,51.48355147,6.628406597,1784,,1,Moers,,Papierkorb,,,,0.5
Papierkorb 200000626,51.48352758,6.628753189,1785,,1,Moers,,Papierkorb,,,,0.5
Papierkorb 200000627,51.48360947,6.627155766,1786,,1,Moers,,Papierkorb,,,,0.5
Papierkorb 200000628,51.48370855,6.627330361,1787,,1,Moers,,Papierkorb,,,,0.5
Papierkorb 200000010,51.48573713,6.635707989,1788,,1,Moers,,Papierkorb,,,,0.5
Papierkorb 200000011,51.48561761,6.635259809,1789,,1,Moers,,Papierkorb,,,,0.5
Papierkorb 200000613,51.48646108,6.632867111,1790,,1,Moers,,Papierkorb,,,,0.5
Papierkorb 200000617,51.48622203,6.632632753,1791,,1,Moers,,Papierkorb,,,,0.5
Papierkorb 200000618,51.48612304,6.632618252,1792,,1,Moers,,Papierkorb,,,,0.5
Papierkorb 200000619,51.48567905,6.630697204,1793,,1,Moers,,Papierkorb,,,,0.5
Papierkorb 200000620,51.48608884,6.631955244,1794,,1,Moers,,Papierkorb,,,,0.5
Papierkorb 200000621,51.48619814,6.632157583,1795,,1,Moers,,Papierkorb,,,,0.5
Papierkorb 200001287,51.42602077,6.644712333,1796,,1,Moers,,Papierkorb,,,,0.5
Papierkorb 200001288,51.42525919,6.645146934,1797,,1,Moers,,Papierkorb,,,,0.5
Papierkorb 200001419,51.42566898,6.646115966,1798,,1,Moers,,Papierkorb,,,,0.5
Papierkorb 200001270,51.43788141,6.644174885,1799,,1,Moers,,Papierkorb,,,,0.5
Papierkorb 200001271,51.43785752,6.644173628,1800,,1,Moers,,Papierkorb,,,,0.5
Papierkorb 200001231,51.41906077,6.651010662,1801,,1,Moers,,Papierkorb,,,,0.5
Papierkorb 200001289,51.4210928,6.648753667,1802,,1,Moers,,Papierkorb,,,,0.5
Papierkorb 200000319,51.42605832,6.651771739,1803,,1,Moers,,Papierkorb,,,,0.5
Papierkorb 200001397,51.42437129,6.646960359,1804,,1,Moers,,Papierkorb,,,,0.5
Papierkorb 200001401,51.42254764,6.649608286,1805,,1,Moers,,Papierkorb,,,,0.5
Papierkorb 200001402,51.42229828,6.649645921,1806,,1,Moers,,Papierkorb,,,,0.5
Papierkorb 200001403,51.4222676,6.649432853,1807,,1,Moers,,Papierkorb,,,,0.5
Papierkorb 200000320,51.42063171,6.656797528,1808,,1,Moers,,Papierkorb,,,,0.5
Papierkorb 200000321,51.42065903,6.656079534,1809,,1,Moers,,Papierkorb,,,,0.5
Papierkorb 200000322,51.42046097,6.655157022,1810,,1,Moers,,Papierkorb,,,,0.5
Papierkorb 200001227,51.42026978,6.65328593,1811,,1,Moers,,Papierkorb,,,,0.5
Papierkorb 200001228,51.42012628,6.652636668,1812,,1,Moers,,Papierkorb,,,,0.5
Papierkorb 200001229,51.42023214,6.652709674,1813,,1,Moers,,Papierkorb,,,,0.5
Papierkorb 200001230,51.41895155,6.652489817,1814,,1,Moers,,Papierkorb,,,,0.5
Papierkorb 200001290,51.4175206,6.653705612,1815,,1,Moers,,Papierkorb,,,,0.5
Papierkorb 200001291,51.41760936,6.653850703,1816,,1,Moers,,Papierkorb,,,,0.5
Papierkorb 200001292,51.41758204,6.65392329,1817,,1,Moers,,Papierkorb,,,,0.5
Papierkorb 200001388,51.4200785,6.653398247,1818,,1,Moers,,Papierkorb,,,,0.5
Papierkorb 200001389,51.42033122,6.655571926,1819,,1,Moers,,Papierkorb,,,,0.5
Papierkorb 200001390,51.42016048,6.653154921,1820,,1,Moers,,Papierkorb,,,,0.5
Papierkorb 200001391,51.41898911,6.654661819,1821,,1,Moers,,Papierkorb,,,,0.5
Papierkorb 200001218,51.42362681,6.656007366,1822,,1,Moers,,Papierkorb,,,,0.5
Papierkorb 200001219,51.42383167,6.657391302,1823,,1,Moers,,Papierkorb,,,,0.5
Papierkorb 200001220,51.42398883,6.657507895,1824,,1,Moers,,Papierkorb,,,,0.5
Papierkorb 200001223,51.42291988,6.655437481,1825,,1,Moers,,Papierkorb,,,,0.5
Papierkorb 200001224,51.42298132,6.655638982,1826,,1,Moers,,Papierkorb,,,,0.5
Papierkorb 200001226,51.42282081,6.655061804,1827,,1,Moers,,Papierkorb,,,,0.5
Papierkorb 200000234,51.43086676,6.648173975,1828,,1,Moers,,Papierkorb,,,,0.5
Papierkorb 200000235,51.43194258,6.647815397,1829,,1,Moers,,Papierkorb,,,,0.5
Papierkorb 200000236,51.42846937,6.649822192,1830,,1,Moers,,Papierkorb,,,,0.5
Papierkorb 200000237,51.42798104,6.650433904,1831,,1,Moers,,Papierkorb,,,,0.5
Papierkorb 200001232,51.43131754,6.648582928,1832,,1,Moers,,Papierkorb,,,,0.5
Papierkorb 200001233,51.43067214,6.648745621,1833,,1,Moers,,Papierkorb,,,,0.5
Papierkorb 200001234,51.43110925,6.649083244,1834,,1,Moers,,Papierkorb,,,,0.5
Papierkorb 200001235,51.43159079,6.650039032,1835,,1,Moers,,Papierkorb,,,,0.5
Papierkorb 200001236,51.43108193,6.650390821,1836,,1,Moers,,Papierkorb,,,,0.5
Papierkorb 200001237,51.43028623,6.650408339,1837,,1,Moers,,Papierkorb,,,,0.5
Papierkorb 200001238,51.43125267,6.650768174,1838,,1,Moers,,Papierkorb,,,,0.5
Papierkorb 200001239,51.4302999,6.651070844,1839,,1,Moers,,Papierkorb,,,,0.5
Papierkorb 200001240,51.43083944,6.651840471,1840,,1,Moers,,Papierkorb,,,,0.5
Papierkorb 200001241,51.4307438,6.651867377,1841,,1,Moers,,Papierkorb,,,,0.5
Papierkorb 200001242,51.4310375,6.652072733,1842,,1,Moers,,Papierkorb,,,,0.5
Papierkorb 200001243,51.43129022,6.652119672,1843,,1,Moers,,Papierkorb,,,,0.5
Papierkorb 200001257,51.43164201,6.651478121,1844,,1,Moers,,Papierkorb,,,,0.5
Papierkorb 200001258,51.43179908,6.652027052,1845,,1,Moers,,Papierkorb,,,,0.5
Papierkorb 200001265,51.43149859,6.651245859,1846,,1,Moers,,Papierkorb,,,,0.5
Papierkorb 200001266,51.43180931,6.650947882,1847,,1,Moers,,Papierkorb,,,,0.5
Papierkorb 200001405,51.43009152,6.650435161,1848,,1,Moers,,Papierkorb,,,,0.5
Papierkorb 200001406,51.42988323,6.650704974,1849,,1,Moers,,Papierkorb,,,,0.5
Papierkorb 200001407,51.42990033,6.651338059,1850,,1,Moers,,Papierkorb,,,,0.5
Papierkorb 200001408,51.42988667,6.652200809,1851,,1,Moers,,Papierkorb,,,,0.5
Papierkorb 200001410,51.42947,6.649851194,1852,,1,Moers,,Papierkorb,,,,0.5
Papierkorb 200001411,51.42998231,6.649785899,1853,,1,Moers,,Papierkorb,,,,0.5
Papierkorb 200001412,51.4285889,6.651261616,1854,,1,Moers,,Papierkorb,,,,0.5
Papierkorb 200001413,51.42888947,6.650287891,1855,,1,Moers,,Papierkorb,,,,0.5
Papierkorb 200001414,51.42923095,6.651400002,1856,,1,Moers,,Papierkorb,,,,0.5
Papierkorb 200001415,51.42927873,6.651084926,1857,,1,Moers,,Papierkorb,,,,0.5
Papierkorb 200001260,51.43324027,6.651730835,1858,,1,Moers,,Papierkorb,,,,0.5
Papierkorb 200001261,51.43269729,6.652097041,1859,,1,Moers,,Papierkorb,,,,0.5
Papierkorb 200001262,51.43446629,6.652193516,1860,,1,Moers,,Papierkorb,,,,0.5
Papierkorb 200001269,51.43298755,6.650418565,1861,,1,Moers,,Papierkorb,,,,0.5
Papierkorb 200001204,51.4305014,6.656853436,1862,,1,Moers,,Papierkorb,,,,0.5
Papierkorb 200001205,51.43144738,6.656981511,1863,,1,Moers,,Papierkorb,,,,0.5
Papierkorb 200001210,51.42961007,6.654841946,1864,,1,Moers,,Papierkorb,,,,0.5
Papierkorb 200001211,51.42994811,6.655810978,1865,,1,Moers,,Papierkorb,,,,0.5
Papierkorb 200001259,51.4321611,6.65237708,1866,,1,Moers,,Papierkorb,,,,0.5
Papierkorb 200001404,51.43006763,6.652964903,1867,,1,Moers,,Papierkorb,,,,0.5
Papierkorb 200001409,51.42993101,6.65260423,1868,,1,Moers,,Papierkorb,,,,0.5
Papierkorb 200001416,51.42938803,6.653429847,1869,,1,Moers,,Papierkorb,,,,0.5
Papierkorb 200001417,51.42936758,6.653716676,1870,,1,Moers,,Papierkorb,,,,0.5
Papierkorb 200001418,51.4293778,6.654077433,1871,,1,Moers,,Papierkorb,,,,0.5
Papierkorb 200001200,51.43443896,6.657644017,1872,,1,Moers,,Papierkorb,,,,0.5
Papierkorb 200001245,51.43400185,6.656358233,1873,,1,Moers,,Papierkorb,,,,0.5
Papierkorb 200001246,51.43430921,6.656634836,1874,,1,Moers,,Papierkorb,,,,0.5
Papierkorb 200001247,51.43431944,6.656276258,1875,,1,Moers,,Papierkorb,,,,0.5
Papierkorb 200001248,51.43447995,6.656120438,1876,,1,Moers,,Papierkorb,,,,0.5
Papierkorb 200001249,51.43251624,6.656853855,1877,,1,Moers,,Papierkorb,,,,0.5
Papierkorb 200001250,51.43263241,6.656553783,1878,,1,Moers,,Papierkorb,,,,0.5
Papierkorb 200001251,51.43272118,6.656540539,1879,,1,Moers,,Papierkorb,,,,0.5
Papierkorb 200001252,51.43480098,6.656267792,1880,,1,Moers,,Papierkorb,,,,0.5
Papierkorb 200001253,51.43321982,6.655871579,1881,,1,Moers,,Papierkorb,,,,0.5
Papierkorb 200001254,51.43486242,6.655910052,1882,,1,Moers,,Papierkorb,,,,0.5
Papierkorb 200001255,51.43538838,6.654838929,1883,,1,Moers,,Papierkorb,,,,0.5
Papierkorb 200001256,51.43490005,6.656069225,1884,,1,Moers,,Papierkorb,,,,0.5
Papierkorb 200001263,51.43431944,6.655024672,1885,,1,Moers,,Papierkorb,,,,0.5
Papierkorb 200001264,51.43343154,6.655428512,1886,,1,Moers,,Papierkorb,,,,0.5
Papierkorb 200001267,51.4349376,6.652632393,1887,,1,Moers,,Papierkorb,,,,0.5
Papierkorb 200001284,51.44328749,6.636642069,1888,,1,Moers,,Papierkorb,,,,0.5
Papierkorb 200000203,51.44879943,6.640991187,1889,,1,Moers,,Papierkorb,,,,0.5
Papierkorb 200000204,51.4488985,6.641164944,1890,,1,Moers,,Papierkorb,,,,0.5
Papierkorb 200000213,51.44579074,6.638748357,1891,,1,Moers,,Papierkorb,,,,0.5
Papierkorb 200000214,51.44403884,6.637572711,1892,,1,Moers,,Papierkorb,,,,0.5
Papierkorb 200000369,51.44501894,6.636406872,1893,,1,Moers,,Papierkorb,,,,0.5
Papierkorb 200000981,51.44804816,6.64108037,1894,,1,Moers,,Papierkorb,,,,0.5
Papierkorb 200000982,51.44685969,6.641049692,1895,,1,Moers,,Papierkorb,,,,0.5
Papierkorb 200000983,51.44816081,6.640666304,1896,,1,Moers,,Papierkorb,,,,0.5
Papierkorb 200000984,51.44888828,6.640546778,1897,,1,Moers,,Papierkorb,,,,0.5
Papierkorb 200000985,51.44804816,6.639412539,1898,,1,Moers,,Papierkorb,,,,0.5
Papierkorb 200000986,51.44778178,6.639020685,1899,,1,Moers,,Papierkorb,,,,0.5
Papierkorb 200000988,51.44741977,6.636513155,1900,,1,Moers,,Papierkorb,,,,0.5
Papierkorb 200000989,51.44739588,6.637130817,1901,,1,Moers,,Papierkorb,,,,0.5
Papierkorb 200000990,51.44740954,6.637304155,1902,,1,Moers,,Papierkorb,,,,0.5
Papierkorb 200000991,51.44741977,6.637360482,1903,,1,Moers,,Papierkorb,,,,0.5
Papierkorb 200000992,51.44746754,6.637535496,1904,,1,Moers,,Papierkorb,,,,0.5
Papierkorb 200000993,51.44742999,6.637634989,1905,,1,Moers,,Papierkorb,,,,0.5
Papierkorb 200000226,51.44143995,6.641463339,1906,,1,Moers,,Papierkorb,,,,0.5
Papierkorb 200000957,51.44213322,6.642940314,1907,,1,Moers,,Papierkorb,,,,0.5
Papierkorb 200000962,51.44242692,6.642742669,1908,,1,Moers,,Papierkorb,,,,0.5
Papierkorb 200001278,51.44071936,6.646602619,1909,,1,Moers,,Papierkorb,,,,0.5
Papierkorb 200001279,51.44167213,6.645176774,1910,,1,Moers,,Papierkorb,,,,0.5
Papierkorb 200001280,51.44037779,6.642958671,1911,,1,Moers,,Papierkorb,,,,0.5
Papierkorb 200001283,51.44224243,6.642683325,1912,,1,Moers,,Papierkorb,,,,0.5
Papierkorb 200000954,51.44374849,6.646241862,1913,,1,Moers,,Papierkorb,,,,0.5
Papierkorb 200000966,51.44655911,6.642039176,1914,,1,Moers,,Papierkorb,,,,0.5
Papierkorb 200000967,51.44630305,6.642034482,1915,,1,Moers,,Papierkorb,,,,0.5
Papierkorb 200000968,51.44631327,6.642136071,1916,,1,Moers,,Papierkorb,,,,0.5
Papierkorb 200000969,51.44742999,6.641244739,1917,,1,Moers,,Papierkorb,,,,0.5
Papierkorb 200000980,51.44768958,6.641249014,1918,,1,Moers,,Papierkorb,,,,0.5
Papierkorb 200000119,51.45083824,6.63769735,1919,,1,Moers,,Papierkorb,,,,0.5
Papierkorb 200000120,51.45088946,6.637049764,1920,,1,Moers,,Papierkorb,,,,0.5
Papierkorb 200000121,51.45010063,6.636017952,1921,,1,Moers,,Papierkorb,,,,0.5
Papierkorb 200000194,51.4505582,6.640799912,1922,,1,Moers,,Papierkorb,,,,0.5
Papierkorb 200000195,51.4503909,6.640825979,1923,,1,Moers,,Papierkorb,,,,0.5
Papierkorb 200000196,51.45022016,6.640852885,1924,,1,Moers,,Papierkorb,,,,0.5
Papierkorb 200000197,51.4503909,6.641142732,1925,,1,Moers,,Papierkorb,,,,0.5
Papierkorb 200000200,51.44967031,6.640916504,1926,,1,Moers,,Papierkorb,,,,0.5
Papierkorb 200000201,51.44995035,6.641222946,1927,,1,Moers,,Papierkorb,,,,0.5
Papierkorb 200000205,51.44922288,6.640680805,1928,,1,Moers,,Papierkorb,,,,0.5
Papierkorb 200000206,51.44944148,6.640813155,1929,,1,Moers,,Papierkorb,,,,0.5
Papierkorb 200000344,51.45007331,6.636419194,1930,,1,Moers,,Papierkorb,,,,0.5
Papierkorb 200000345,51.45001179,6.636677524,1931,,1,Moers,,Papierkorb,,,,0.5
Papierkorb 200000346,51.4497693,6.635998338,1932,,1,Moers,,Papierkorb,,,,0.5
Papierkorb 200000356,51.45005965,6.638116529,1933,,1,Moers,,Papierkorb,,,,0.5
Papierkorb 200000357,51.44967031,6.640758924,1934,,1,Moers,,Papierkorb,,,,0.5
Papierkorb 200000358,51.44921266,6.640521633,1935,,1,Moers,,Papierkorb,,,,0.5
Papierkorb 200000359,51.44943126,6.640654821,1936,,1,Moers,,Papierkorb,,,,0.5
Papierkorb 200000360,51.4499879,6.638418781,1937,,1,Moers,,Papierkorb,,,,0.5
Papierkorb 200000979,51.4498786,6.640631771,1938,,1,Moers,,Papierkorb,,,,0.5
Papierkorb 200001003,51.45150075,6.639733985,1939,,1,Moers,,Papierkorb,,,,0.5
Papierkorb 200001004,51.45176033,6.640082756,1940,,1,Moers,,Papierkorb,,,,0.5
Papierkorb 200001005,51.45167836,6.640168168,1941,,1,Moers,,Papierkorb,,,,0.5
Papierkorb 200001006,51.45162715,6.638872996,1942,,1,Moers,,Papierkorb,,,,0.5
Papierkorb 200001007,51.45142908,6.639503064,1943,,1,Moers,,Papierkorb,,,,0.5
Papierkorb 200001008,51.45167836,6.639621332,1944,,1,Moers,,Papierkorb,,,,0.5
Papierkorb 200001009,51.44990592,6.639280189,1945,,1,Moers,,Papierkorb,,,,0.5
Papierkorb 200001010,51.44956101,6.639722083,1946,,1,Moers,,Papierkorb,,,,0.5
Papierkorb 200001011,51.44951323,6.639734823,1947,,1,Moers,,Papierkorb,,,,0.5
Papierkorb 200001012,51.44945171,6.639964487,1948,,1,Moers,,Papierkorb,,,,0.5
Papierkorb 200001013,51.44951323,6.640252657,1949,,1,Moers,,Papierkorb,,,,0.5
Papierkorb 200001014,51.44962245,6.639967086,1950,,1,Moers,,Papierkorb,,,,0.5
Papierkorb 200001015,51.44962932,6.640082337,1951,,1,Moers,,Papierkorb,,,,0.5
Papierkorb 200001016,51.44963955,6.639851835,1952,,1,Moers,,Papierkorb,,,,0.5
Papierkorb 200001017,51.4498786,6.64027269,1953,,1,Moers,,Papierkorb,,,,0.5
Papierkorb 200001018,51.44927074,6.638853718,1954,,1,Moers,,Papierkorb,,,,0.5
Papierkorb 200001019,51.44938004,6.63918715,1955,,1,Moers,,Papierkorb,,,,0.5
Papierkorb 200001020,51.44928784,6.64033589,1956,,1,Moers,,Papierkorb,,,,0.5
Papierkorb 200000185,51.45198916,6.645409036,1957,,1,Moers,,Papierkorb,,,,0.5
Papierkorb 200000190,51.45008697,6.646489883,1958,,1,Moers,,Papierkorb,,,,0.5
Papierkorb 200000191,51.45136077,6.643831646,1959,,1,Moers,,Papierkorb,,,,0.5
Papierkorb 200000192,51.45088946,6.642631693,1960,,1,Moers,,Papierkorb,,,,0.5
Papierkorb 200000193,51.45167836,6.644614181,1961,,1,Moers,,Papierkorb,,,,0.5
Papierkorb 200000198,51.44992981,6.642446034,1962,,1,Moers,,Papierkorb,,,,0.5
Papierkorb 200000199,51.44990592,6.642949283,1963,,1,Moers,,Papierkorb,,,,0.5
Papierkorb 200000202,51.45008354,6.641311375,1964,,1,Moers,,Papierkorb,,,,0.5
Papierkorb 200000977,51.45093732,6.646098867,1965,,1,Moers,,Papierkorb,,,,0.5
Papierkorb 200000978,51.44913068,6.644477136,1966,,1,Moers,,Papierkorb,,,,0.5
Papierkorb 200000095,51.45848807,6.64443573,1967,,1,Moers,,Papierkorb,,,,0.5
Papierkorb 200000096,51.45963899,6.644509993,1968,,1,Moers,,Papierkorb,,,,0.5
Papierkorb 200000097,51.45949214,6.644177064,1969,,1,Moers,,Papierkorb,,,,0.5
Papierkorb 200000098,51.4595809,6.644120235,1970,,1,Moers,,Papierkorb,,,,0.5
Papierkorb 200000114,51.456521,6.644940739,1971,,1,Moers,,Papierkorb,,,,0.5
Papierkorb 200000788,51.4595809,6.645069653,1972,,1,Moers,,Papierkorb,,,,0.5
Papierkorb 200000789,51.45960135,6.645171242,1973,,1,Moers,,Papierkorb,,,,0.5
Papierkorb 200000790,51.45960823,6.645458993,1974,,1,Moers,,Papierkorb,,,,0.5
Papierkorb 200000791,51.45928041,6.64546838,1975,,1,Moers,,Papierkorb,,,,0.5
Papierkorb 200000792,51.45951946,6.644493816,1976,,1,Moers,,Papierkorb,,,,0.5
Papierkorb 200000793,51.4595809,6.644926239,1977,,1,Moers,,Papierkorb,,,,0.5
Papierkorb 200000794,51.45827978,6.645642137,1978,,1,Moers,,Papierkorb,,,,0.5
Papierkorb 200000795,51.45806805,6.645193035,1979,,1,Moers,,Papierkorb,,,,0.5
Papierkorb 200000796,51.45795875,6.645090608,1980,,1,Moers,,Papierkorb,,,,0.5
Papierkorb 200000817,51.45504906,6.646113787,1981,,1,Moers,,Papierkorb,,,,0.5
Papierkorb 200000818,51.45541107,6.645658733,1982,,1,Moers,,Papierkorb,,,,0.5
Papierkorb 200000819,51.4554213,6.645989567,1983,,1,Moers,,Papierkorb,,,,0.5
Papierkorb 200000820,51.455312,6.646060059,1984,,1,Moers,,Papierkorb,,,,0.5
Papierkorb 200000821,51.45504227,6.645998955,1985,,1,Moers,,Papierkorb,,,,0.5
Papierkorb 200000822,51.45520278,6.645771051,1986,,1,Moers,,Papierkorb,,,,0.5
Papierkorb 200000823,51.45554082,6.643516654,1987,,1,Moers,,Papierkorb,,,,0.5
Papierkorb 200000953,51.44121112,6.648608157,1988,,1,Moers,,Papierkorb,,,,0.5
Papierkorb 200001268,51.43899126,6.648144973,1989,,1,Moers,,Papierkorb,,,,0.5
Papierkorb 200001272,51.44132042,6.648695664,1990,,1,Moers,,Papierkorb,,,,0.5
Papierkorb 200001273,51.44134775,6.647934085,1991,,1,Moers,,Papierkorb,,,,0.5
Papierkorb 200001274,51.44101985,6.647785977,1992,,1,Moers,,Papierkorb,,,,0.5
Papierkorb 200001275,51.44128279,6.647213493,1993,,1,Moers,,Papierkorb,,,,0.5
Papierkorb 200001276,51.44121112,6.647530245,1994,,1,Moers,,Papierkorb,,,,0.5
Papierkorb 200001277,51.43979383,6.647120453,1995,,1,Moers,,Papierkorb,,,,0.5
Papierkorb 200000210,51.44711919,6.651612148,1996,,1,Moers,,Papierkorb,,,,0.5
Papierkorb 200000211,51.44740954,6.650220919,1997,,1,Moers,,Papierkorb,,,,0.5
Papierkorb 200000222,51.44529898,6.64905508,1998,,1,Moers,,Papierkorb,,,,0.5
Papierkorb 200000952,51.44699288,6.649365379,1999,,1,Moers,,Papierkorb,,,,0.5
Papierkorb 200000927,51.44034024,6.65607526,2000,,1,Moers,,Papierkorb,,,,0.5
Papierkorb 200000928,51.44045977,6.656104261,2001,,1,Moers,,Papierkorb,,,,0.5
Papierkorb 200000930,51.44294936,6.652530804,2002,,1,Moers,,Papierkorb,,,,0.5
Papierkorb 200000931,51.43945914,6.655558683,2003,,1,Moers,,Papierkorb,,,,0.5
Papierkorb 200000932,51.43953089,6.655501937,2004,,1,Moers,,Papierkorb,,,,0.5
Papierkorb 200000933,51.43965041,6.655892115,2005,,1,Moers,,Papierkorb,,,,0.5
Papierkorb 200001199,51.43813069,6.657050662,2006,,1,Moers,,Papierkorb,,,,0.5
Papierkorb 200000221,51.44523754,6.653944245,2007,,1,Moers,,Papierkorb,,,,0.5
Papierkorb 200000223,51.44440077,6.654233672,2008,,1,Moers,,Papierkorb,,,,0.5
Papierkorb 200000926,51.44411051,6.657063905,2009,,1,Moers,,Papierkorb,,,,0.5
Papierkorb 200000935,51.44883698,6.656239964,2010,,1,Moers,,Papierkorb,,,,0.5
Papierkorb 200000936,51.44522044,6.653425992,2011,,1,Moers,,Papierkorb,,,,0.5
Papierkorb 200000937,51.44413104,6.656934153,2012,,1,Moers,,Papierkorb,,,,0.5
Papierkorb 200000938,51.44534675,6.653096834,2013,,1,Moers,,Papierkorb,,,,0.5
Papierkorb 200000939,51.44555169,6.653158274,2014,,1,Moers,,Papierkorb,,,,0.5
Papierkorb 200000940,51.44526143,6.653124997,2015,,1,Moers,,Papierkorb,,,,0.5
Papierkorb 200000941,51.44588982,6.652860381,2016,,1,Moers,,Papierkorb,,,,0.5
Papierkorb 200000942,51.44647035,6.652508592,2017,,1,Moers,,Papierkorb,,,,0.5
Papierkorb 200000115,51.45321175,6.648605978,2018,,1,Moers,,Papierkorb,,,,0.5
Papierkorb 200000179,51.45230331,6.649383735,2019,,1,Moers,,Papierkorb,,,,0.5
Papierkorb 200000180,51.45242971,6.649846081,2020,,1,Moers,,Papierkorb,,,,0.5
Papierkorb 200000188,51.45025771,6.647700984,2021,,1,Moers,,Papierkorb,,,,0.5
Papierkorb 200000189,51.44989226,6.64916262,2022,,1,Moers,,Papierkorb,,,,0.5
Papierkorb 200000800,51.45424314,6.650908152,2023,,1,Moers,,Papierkorb,,,,0.5
Papierkorb 200000801,51.45432847,6.650678487,2024,,1,Moers,,Papierkorb,,,,0.5
Papierkorb 200000803,51.45390845,6.650874037,2025,,1,Moers,,Papierkorb,,,,0.5
Papierkorb 200000804,51.45396645,6.651104959,2026,,1,Moers,,Papierkorb,,,,0.5
Papierkorb 200000805,51.45384693,6.651189951,2027,,1,Moers,,Papierkorb,,,,0.5
Papierkorb 200000806,51.45410995,6.650502635,2028,,1,Moers,,Papierkorb,,,,0.5
Papierkorb 200000807,51.45367619,6.650641356,2029,,1,Moers,,Papierkorb,,,,0.5
Papierkorb 200000808,51.45361131,6.650928268,2030,,1,Moers,,Papierkorb,,,,0.5
Papierkorb 200000809,51.45377182,6.65048386,2031,,1,Moers,,Papierkorb,,,,0.5
Papierkorb 200000810,51.45214967,6.650604643,2032,,1,Moers,,Papierkorb,,,,0.5
Papierkorb 200000811,51.45292148,6.650212789,2033,,1,Moers,,Papierkorb,,,,0.5
Papierkorb 200000812,51.45299315,6.649725297,2034,,1,Moers,,Papierkorb,,,,0.5
Papierkorb 200000813,51.45323907,6.649556234,2035,,1,Moers,,Papierkorb,,,,0.5
Papierkorb 200000814,51.45320152,6.650086893,2036,,1,Moers,,Papierkorb,,,,0.5
Papierkorb 200000815,51.4522692,6.649627984,2037,,1,Moers,,Papierkorb,,,,0.5
Papierkorb 200000816,51.45220768,6.647814978,2038,,1,Moers,,Papierkorb,,,,0.5
Papierkorb 200000948,51.45378205,6.651491281,2039,,1,Moers,,Papierkorb,,,,0.5
Papierkorb 200000949,51.45373084,6.651561772,2040,,1,Moers,,Papierkorb,,,,0.5
Papierkorb 200000970,51.45036357,6.650535492,2041,,1,Moers,,Papierkorb,,,,0.5
Papierkorb 200000971,51.45037724,6.650436083,2042,,1,Moers,,Papierkorb,,,,0.5
Papierkorb 200000972,51.45007331,6.650517555,2043,,1,Moers,,Papierkorb,,,,0.5
Papierkorb 200000973,51.45060942,6.650337847,2044,,1,Moers,,Papierkorb,,,,0.5
Papierkorb 200000974,51.45167157,6.649893438,2045,,1,Moers,,Papierkorb,,,,0.5
Papierkorb 200000975,51.45152807,6.650208095,2046,,1,Moers,,Papierkorb,,,,0.5
Papierkorb 200000976,51.45111828,6.649885392,2047,,1,Moers,,Papierkorb,,,,0.5
Papierkorb 200000090,51.45484077,6.651521204,2048,,1,Moers,,Papierkorb,,,,0.5
Papierkorb 200000092,51.45457095,6.650610259,2049,,1,Moers,,Papierkorb,,,,0.5
Papierkorb 200000690,51.45977897,6.648770766,2050,,1,Moers,,Papierkorb,,,,0.5
Papierkorb 200000786,51.45950915,6.649242081,2051,,1,Moers,,Papierkorb,,,,0.5
Papierkorb 200000802,51.45458118,6.650969675,2052,,1,Moers,,Papierkorb,,,,0.5
Papierkorb 200000943,51.45509005,6.652055634,2053,,1,Moers,,Papierkorb,,,,0.5
Papierkorb 200000178,51.45138122,6.657283343,2054,,1,Moers,,Papierkorb,,,,0.5
Papierkorb 200000209,51.4499879,6.656745477,2055,,1,Moers,,Papierkorb,,,,0.5
Papierkorb 200000950,51.45253214,6.65728502,2056,,1,Moers,,Papierkorb,,,,0.5
Papierkorb 200000951,51.4526209,6.657689279,2057,,1,Moers,,Papierkorb,,,,0.5
Papierkorb 200000083,51.45755919,6.656551603,2058,,1,Moers,,Papierkorb,,,,0.5
Papierkorb 200000084,51.45738845,6.656951588,2059,,1,Moers,,Papierkorb,,,,0.5
Papierkorb 200000088,51.45565012,6.652970938,2060,,1,Moers,,Papierkorb,,,,0.5
Papierkorb 200000089,51.45582086,6.653304286,2061,,1,Moers,,Papierkorb,,,,0.5
Papierkorb 200000091,51.45460851,6.655832771,2062,,1,Moers,,Papierkorb,,,,0.5
Papierkorb 200000691,51.45718007,6.656948235,2063,,1,Moers,,Papierkorb,,,,0.5
Papierkorb 200000692,51.4556399,6.654985361,2064,,1,Moers,,Papierkorb,,,,0.5
Papierkorb 200000693,51.45625798,6.654145243,2065,,1,Moers,,Papierkorb,,,,0.5
Papierkorb 200000694,51.45646292,6.654319838,2066,,1,Moers,,Papierkorb,,,,0.5
Papierkorb 200000695,51.45600191,6.654601637,2067,,1,Moers,,Papierkorb,,,,0.5
Papierkorb 200000696,51.45609068,6.654228475,2068,,1,Moers,,Papierkorb,,,,0.5
Papierkorb 200000697,51.45612144,6.654789895,2069,,1,Moers,,Papierkorb,,,,0.5
Papierkorb 200000698,51.45638094,6.654664753,2070,,1,Moers,,Papierkorb,,,,0.5
Papierkorb 200000782,51.4556399,6.653100271,2071,,1,Moers,,Papierkorb,,,,0.5
Papierkorb 200000783,51.45568768,6.653143773,2072,,1,Moers,,Papierkorb,,,,0.5
Papierkorb 200000323,51.41988044,6.662149793,2073,,1,Moers,,Papierkorb,,,,0.5
Papierkorb 200001214,51.42575095,6.659374209,2074,,1,Moers,,Papierkorb,,,,0.5
Papierkorb 200001216,51.42439862,6.657901844,2075,,1,Moers,,Papierkorb,,,,0.5
Papierkorb 200001217,51.42358918,6.659242278,2076,,1,Moers,,Papierkorb,,,,0.5
Papierkorb 200001221,51.42347996,6.659282846,2077,,1,Moers,,Papierkorb,,,,0.5
Papierkorb 200001225,51.4231384,6.660400406,2078,,1,Moers,,Papierkorb,,,,0.5
Papierkorb 200001202,51.43115703,6.660788907,2079,,1,Moers,,Papierkorb,,,,0.5
Papierkorb 200001203,51.43136197,6.660561841,2080,,1,Moers,,Papierkorb,,,,0.5
Papierkorb 200001206,51.43164201,6.660205778,2081,,1,Moers,,Papierkorb,,,,0.5
Papierkorb 200001207,51.43151904,6.660362436,2082,,1,Moers,,Papierkorb,,,,0.5
Papierkorb 200001209,51.42804248,6.659377646,2083,,1,Moers,,Papierkorb,,,,0.5
Papierkorb 200001212,51.42805958,6.659320816,2084,,1,Moers,,Papierkorb,,,,0.5
Papierkorb 200001384,51.43176153,6.66007896,2085,,1,Moers,,Papierkorb,,,,0.5
Papierkorb 200001385,51.43190838,6.659936886,2086,,1,Moers,,Papierkorb,,,,0.5
Papierkorb 200001386,51.43209966,6.6597379,2087,,1,Moers,,Papierkorb,,,,0.5
Papierkorb 200001196,51.43464725,6.658005612,2088,,1,Moers,,Papierkorb,,,,0.5
Papierkorb 200001197,51.43488974,6.657866053,2089,,1,Moers,,Papierkorb,,,,0.5
Papierkorb 200001198,51.43488974,6.657895055,2090,,1,Moers,,Papierkorb,,,,0.5
Papierkorb 200001201,51.43423746,6.65772683,2091,,1,Moers,,Papierkorb,,,,0.5
Papierkorb 200001387,51.43349642,6.658449601,2092,,1,Moers,,Papierkorb,,,,0.5
Papierkorb 200000231,51.43182297,6.66650746,2093,,1,Moers,,Papierkorb,,,,0.5
Papierkorb 200000232,51.43093851,6.666638553,2094,,1,Moers,,Papierkorb,,,,0.5
Papierkorb 200000230,51.43506048,6.664944654,2095,,1,Moers,,Papierkorb,,,,0.5
Papierkorb 200000233,51.43407695,6.66515898,2096,,1,Moers,,Papierkorb,,,,0.5
Papierkorb 200001382,51.43373891,6.663645208,2097,,1,Moers,,Papierkorb,,,,0.5
Papierkorb 200001383,51.43362961,6.663355362,2098,,1,Moers,,Papierkorb,,,,0.5
Papierkorb 200000227,51.44083888,6.662252303,2099,,1,Moers,,Papierkorb,,,,0.5
Papierkorb 200000228,51.4400773,6.662385073,2100,,1,Moers,,Papierkorb,,,,0.5
Papierkorb 200000229,51.44036757,6.66241793,2101,,1,Moers,,Papierkorb,,,,0.5
Papierkorb 200000929,51.44214688,6.658747075,2102,,1,Moers,,Papierkorb,,,,0.5
Papierkorb 200000217,51.44516579,6.659078412,2103,,1,Moers,,Papierkorb,,,,0.5
Papierkorb 200000218,51.44571899,6.659948789,2104,,1,Moers,,Papierkorb,,,,0.5
Papierkorb 200000219,51.44500871,6.659132559,2105,,1,Moers,,Papierkorb,,,,0.5
Papierkorb 200000220,51.44413104,6.660371404,2106,,1,Moers,,Papierkorb,,,,0.5
Papierkorb 200000919,51.44597858,6.661852319,2107,,1,Moers,,Papierkorb,,,,0.5
Papierkorb 200000924,51.44356065,6.661571357,2108,,1,Moers,,Papierkorb,,,,0.5
Papierkorb 200000934,51.44518968,6.658157995,2109,,1,Moers,,Papierkorb,,,,0.5
Papierkorb 200000920,51.44066814,6.665139282,2110,,1,Moers,,Papierkorb,,,,0.5
Papierkorb 200000921,51.44067837,6.665184125,2111,,1,Moers,,Papierkorb,,,,0.5
Papierkorb 200000922,51.44056907,6.665412113,2112,,1,Moers,,Papierkorb,,,,0.5
Papierkorb 200000923,51.44053831,6.665498363,2113,,1,Moers,,Papierkorb,,,,0.5
Papierkorb 200000215,51.44431888,6.664502425,2114,,1,Moers,,Papierkorb,,,,0.5
Papierkorb 200000216,51.44431888,6.665322427,2115,,1,Moers,,Papierkorb,,,,0.5
Papierkorb 200000878,51.44859114,6.668248298,2116,,1,Moers,,Papierkorb,,,,0.5
Papierkorb 200000879,51.44864235,6.668118546,2117,,1,Moers,,Papierkorb,,,,0.5
Papierkorb 200000880,51.44865258,6.668693963,2118,,1,Moers,,Papierkorb,,,,0.5
Papierkorb 200000881,51.44890873,6.668697819,2119,,1,Moers,,Papierkorb,,,,0.5
Papierkorb 200000885,51.44774758,6.667228052,2120,,1,Moers,,Papierkorb,,,,0.5
Papierkorb 200000886,51.44829056,6.666315347,2121,,1,Moers,,Papierkorb,,,,0.5
Papierkorb 200000889,51.44699288,6.667547822,2122,,1,Moers,,Papierkorb,,,,0.5
Papierkorb 200000890,51.44545605,6.66764128,2123,,1,Moers,,Papierkorb,,,,0.5
Papierkorb 200000891,51.44522723,6.667967839,2124,,1,Moers,,Papierkorb,,,,0.5
Papierkorb 200000892,51.44516235,6.66766475,2125,,1,Moers,,Papierkorb,,,,0.5
Papierkorb 200000893,51.44500871,6.668050652,2126,,1,Moers,,Papierkorb,,,,0.5
Papierkorb 200000906,51.4486799,6.664119875,2127,,1,Moers,,Papierkorb,,,,0.5
Papierkorb 200000915,51.44642257,6.667424859,2128,,1,Moers,,Papierkorb,,,,0.5
Papierkorb 200000916,51.44667864,6.66581721,2129,,1,Moers,,Papierkorb,,,,0.5
Papierkorb 200000917,51.4448482,6.664381139,2130,,1,Moers,,Papierkorb,,,,0.5
Papierkorb 200000918,51.44499161,6.664369237,2131,,1,Moers,,Papierkorb,,,,0.5
Papierkorb 200000207,51.44926052,6.657871166,2132,,1,Moers,,Papierkorb,,,,0.5
Papierkorb 200000208,51.44973862,6.658914462,2133,,1,Moers,,Papierkorb,,,,0.5
Papierkorb 200000864,51.45263121,6.659243116,2134,,1,Moers,,Papierkorb,,,,0.5
Papierkorb 200000865,51.45260724,6.659991033,2135,,1,Moers,,Papierkorb,,,,0.5
Papierkorb 200000866,51.45288728,6.660843976,2136,,1,Moers,,Papierkorb,,,,0.5
Papierkorb 200000867,51.4521599,6.659323415,2137,,1,Moers,,Papierkorb,,,,0.5
Papierkorb 200000868,51.45196863,6.659737062,2138,,1,Moers,,Papierkorb,,,,0.5
Papierkorb 200000894,51.44935951,6.662476435,2139,,1,Moers,,Papierkorb,,,,0.5
Papierkorb 200000081,51.45733715,6.660549017,2140,,1,Moers,,Papierkorb,,,,0.5
Papierkorb 200000082,51.45744989,6.660146434,2141,,1,Moers,,Papierkorb,,,,0.5
Papierkorb 200000212,51.44973175,6.664696634,2142,,1,Moers,,Papierkorb,,,,0.5
Papierkorb 200000860,51.44963955,6.666997131,2143,,1,Moers,,Papierkorb,,,,0.5
Papierkorb 200000869,51.45131978,6.664920766,2144,,1,Moers,,Papierkorb,,,,0.5
Papierkorb 200000870,51.45057186,6.664823452,2145,,1,Moers,,Papierkorb,,,,0.5
Papierkorb 200000871,51.45093044,6.664540395,2146,,1,Moers,,Papierkorb,,,,0.5
Papierkorb 200000872,51.45007331,6.664658245,2147,,1,Moers,,Papierkorb,,,,0.5
Papierkorb 200000873,51.45030205,6.664791014,2148,,1,Moers,,Papierkorb,,,,0.5
Papierkorb 200000874,51.45037724,6.664633853,2149,,1,Moers,,Papierkorb,,,,0.5
Papierkorb 200000907,51.44929807,6.664430676,2150,,1,Moers,,Papierkorb,,,,0.5
Papierkorb 200000080,51.45754209,6.665170044,2151,,1,Moers,,Papierkorb,,,,0.5
Papierkorb 200000863,51.45732349,6.666216357,2152,,1,Moers,,Papierkorb,,,,0.5
Papierkorb 200000224,51.44425736,6.669565262,2153,,1,Moers,,Papierkorb,,,,0.5
Papierkorb 200000225,51.44408662,6.669432912,2154,,1,Moers,,Papierkorb,,,,0.5
Papierkorb 200000182,51.44914099,6.673492184,2155,,1,Moers,,Papierkorb,,,,0.5
Papierkorb 200000183,51.44986837,6.671373155,2156,,1,Moers,,Papierkorb,,,,0.5
Papierkorb 200000184,51.44967031,6.671471307,2157,,1,Moers,,Papierkorb,,,,0.5
Papierkorb 200000856,51.45360108,6.669587474,2158,,1,Moers,,Papierkorb,,,,0.5
Papierkorb 200000858,51.45002889,6.674138093,2159,,1,Moers,,Papierkorb,,,,0.5
Papierkorb 200000859,51.45051043,6.668764455,2160,,1,Moers,,Papierkorb,,,,0.5
Papierkorb 200000861,51.44905214,6.673676586,2161,,1,Moers,,Papierkorb,,,,0.5
Papierkorb 200000862,51.4490078,6.673733415,2162,,1,Moers,,Papierkorb,,,,0.5
Papierkorb 200000882,51.44917854,6.668831008,2163,,1,Moers,,Papierkorb,,,,0.5
Papierkorb 200000073,51.45535986,6.674159467,2164,,1,Moers,,Papierkorb,,,,0.5
Papierkorb 200000074,51.45528811,6.670546699,2165,,1,Moers,,Papierkorb,,,,0.5
Papierkorb 200000075,51.45539741,6.669742875,2166,,1,Moers,,Papierkorb,,,,0.5
Papierkorb 200000855,51.45527101,6.669510193,2167,,1,Moers,,Papierkorb,,,,0.5
Papierkorb 200000181,51.44982059,6.676637912,2168,,1,Moers,,Papierkorb,,,,0.5
Papierkorb 200000076,51.45544862,6.675238637,2169,,1,Moers,,Papierkorb,,,,0.5
Papierkorb 200000261,51.4700789,6.637505237,2170,,1,Moers,,Papierkorb,,,,0.5
Papierkorb 200000262,51.47024285,6.637593163,2171,,1,Moers,,Papierkorb,,,,0.5
Papierkorb 200000263,51.47029063,6.63757992,2172,,1,Moers,,Papierkorb,,,,0.5
Papierkorb 200000264,51.47039993,6.63769559,2173,,1,Moers,,Papierkorb,,,,0.5
Papierkorb 200000265,51.47045114,6.637667846,2174,,1,Moers,,Papierkorb,,,,0.5
Papierkorb 200000267,51.4699696,6.637388226,2175,,1,Moers,,Papierkorb,,,,0.5
Papierkorb 200000268,51.46991839,6.63741597,2176,,1,Moers,,Papierkorb,,,,0.5
Papierkorb 200000269,51.47012668,6.637477074,2177,,1,Moers,,Papierkorb,,,,0.5
Papierkorb 200000270,51.4679991,6.637403648,2178,,1,Moers,,Papierkorb,,,,0.5
Papierkorb 200000271,51.46794101,6.637360062,2179,,1,Moers,,Papierkorb,,,,0.5
Papierkorb 200000099,51.46011709,6.644056197,2180,,1,Moers,,Papierkorb,,,,0.5
Papierkorb 200000100,51.46059863,6.643875651,2181,,1,Moers,,Papierkorb,,,,0.5
Papierkorb 200000101,51.46019907,6.643193951,2182,,1,Moers,,Papierkorb,,,,0.5
Papierkorb 200000103,51.46429036,6.645740708,2183,,1,Moers,,Papierkorb,,,,0.5
Papierkorb 200000104,51.46470015,6.64622183,2184,,1,Moers,,Papierkorb,,,,0.5
Papierkorb 200000105,51.46465229,6.646552244,2185,,1,Moers,,Papierkorb,,,,0.5
Papierkorb 200000107,51.46307792,6.643536687,2186,,1,Moers,,Papierkorb,,,,0.5
Papierkorb 200000108,51.46328973,6.643582787,2187,,1,Moers,,Papierkorb,,,,0.5
Papierkorb 200000109,51.46236076,6.644116882,2188,,1,Moers,,Papierkorb,,,,0.5
Papierkorb 200000110,51.46366876,6.644623987,2189,,1,Moers,,Papierkorb,,,,0.5
Papierkorb 200000111,51.46207049,6.642989852,2190,,1,Moers,,Papierkorb,,,,0.5
Papierkorb 200000112,51.46076937,6.643677587,2191,,1,Moers,,Papierkorb,,,,0.5
Papierkorb 200000113,51.46029806,6.643799208,2192,,1,Moers,,Papierkorb,,,,0.5
Papierkorb 200000300,51.46491867,6.642554831,2193,,1,Moers,,Papierkorb,,,,0.5
Papierkorb 200000301,51.46481968,6.641921327,2194,,1,Moers,,Papierkorb,,,,0.5
Papierkorb 200000302,51.46478891,6.641574735,2195,,1,Moers,,Papierkorb,,,,0.5
Papierkorb 200000787,51.46102209,6.645450024,2196,,1,Moers,,Papierkorb,,,,0.5
Papierkorb 200000660,51.48099013,6.637296863,2197,,1,Moers,,Papierkorb,,,,0.5
Papierkorb 200000672,51.48051881,6.636555819,2198,,1,Moers,,Papierkorb,,,,0.5
Papierkorb 200000085,51.46540021,6.650375901,2199,,1,Moers,,Papierkorb,,,,0.5
Papierkorb 200000086,51.46211148,6.652184548,2200,,1,Moers,,Papierkorb,,,,0.5
Papierkorb 200000087,51.46216613,6.651912639,2201,,1,Moers,,Papierkorb,,,,0.5
Papierkorb 200000102,51.46531823,6.648604721,2202,,1,Moers,,Papierkorb,,,,0.5
Papierkorb 200000106,51.46509971,6.647306951,2203,,1,Moers,,Papierkorb,,,,0.5
Papierkorb 200000307,51.46518169,6.646934291,2204,,1,Moers,,Papierkorb,,,,0.5
Papierkorb 200000311,51.46487433,6.647221204,2205,,1,Moers,,Papierkorb,,,,0.5
Papierkorb 200000312,51.464847,6.647937018,2206,,1,Moers,,Papierkorb,,,,0.5
Papierkorb 200000313,51.46505185,6.648025448,2207,,1,Moers,,Papierkorb,,,,0.5
Papierkorb 200000314,51.46508949,6.647983119,2208,,1,Moers,,Papierkorb,,,,0.5
Papierkorb 200000093,51.46585098,6.649734685,2209,,1,Moers,,Papierkorb,,,,0.5
Papierkorb 200000282,51.46721019,6.650690055,2210,,1,Moers,,Papierkorb,,,,0.5
Papierkorb 200000283,51.46744246,6.65010307,2211,,1,Moers,,Papierkorb,,,,0.5
Papierkorb 200000285,51.46656822,6.652061669,2212,,1,Moers,,Papierkorb,,,,0.5
Papierkorb 200000286,51.46693015,6.651721867,2213,,1,Moers,,Papierkorb,,,,0.5
Papierkorb 200000287,51.46695748,6.6518657,2214,,1,Moers,,Papierkorb,,,,0.5
Papierkorb 200000288,51.46620621,6.650977302,2215,,1,Moers,,Papierkorb,,,,0.5
Papierkorb 200000289,51.46638718,6.651382903,2216,,1,Moers,,Papierkorb,,,,0.5
Papierkorb 200000290,51.46677651,6.651259102,2217,,1,Moers,,Papierkorb,,,,0.5
Papierkorb 200000854,51.46624032,6.650388222,2218,,1,Moers,,Papierkorb,,,,0.5
Papierkorb 200000689,51.4624906,6.655960428,2219,,1,Moers,,Papierkorb,,,,0.5
Papierkorb 200000853,51.46262714,6.656394945,2220,,1,Moers,,Papierkorb,,,,0.5
Papierkorb 200000094,51.46732972,6.655138247,2221,,1,Moers,,Papierkorb,,,,0.5
Papierkorb 200000284,51.46670141,6.653934354,2222,,1,Moers,,Papierkorb,,,,0.5
Papierkorb 200000007,51.48530002,6.637962386,2223,,1,Moers,,Papierkorb,,,,0.5
Papierkorb 200000008,51.48540923,6.638034554,2224,,1,Moers,,Papierkorb,,,,0.5
Papierkorb 200000009,51.48597962,6.637280267,2225,,1,Moers,,Papierkorb,,,,0.5
Papierkorb 200000615,51.48516683,6.636318862,2226,,1,Moers,,Papierkorb,,,,0.5
Papierkorb 200000616,51.48306649,6.637843782,2227,,1,Moers,,Papierkorb,,,,0.5
Papierkorb 200000671,51.48482183,6.636270666,2228,,1,Moers,,Papierkorb,,,,0.5
Papierkorb 200000669,51.48220249,6.651062295,2229,,1,Moers,,Papierkorb,,,,0.5
Papierkorb 200000078,51.46008977,6.661293078,2230,,1,Moers,,Papierkorb,,,,0.5
Papierkorb 200000079,51.46115871,6.660402166,2231,,1,Moers,,Papierkorb,,,,0.5
Papierkorb 200000850,51.46147287,6.663140198,2232,,1,Moers,,Papierkorb,,,,0.5
Papierkorb 200000077,51.46158217,6.66425013,2233,,1,Moers,,Papierkorb,,,,0.5
Papierkorb 200000291,51.4623813,6.663383525,2234,,1,Moers,,Papierkorb,,,,0.5
Papierkorb 200000292,51.46239839,6.663240949,2235,,1,Moers,,Papierkorb,,,,0.5
Papierkorb 200000293,51.46262714,6.66337288,2236,,1,Moers,,Papierkorb,,,,0.5
Papierkorb 200000294,51.46269889,6.663547475,2237,,1,Moers,,Papierkorb,,,,0.5
Papierkorb 200000295,51.46313257,6.66368234,2238,,1,Moers,,Papierkorb,,,,0.5
Papierkorb 200000296,51.46336139,6.663772026,2239,,1,Moers,,Papierkorb,,,,0.5
Papierkorb 200000297,51.46345024,6.663917955,2240,,1,Moers,,Papierkorb,,,,0.5
Papierkorb 200000298,51.46376783,6.664123312,2241,,1,Moers,,Papierkorb,,,,0.5
Papierkorb 200000299,51.4612406,6.665942688,2242,,1,Moers,,Papierkorb,,,,0.5
Papierkorb 200000844,51.46177679,6.666037068,2243,,1,Moers,,Papierkorb,,,,0.5
Papierkorb 200000845,51.46193731,6.66599608,2244,,1,Moers,,Papierkorb,,,,0.5
Papierkorb 200000846,51.46166749,6.665042806,2245,,1,Moers,,Papierkorb,,,,0.5
Papierkorb 200000847,51.46168116,6.665445808,2246,,1,Moers,,Papierkorb,,,,0.5
Papierkorb 200000851,51.4618622,6.663319487,2247,,1,Moers,,Papierkorb,,,,0.5
Papierkorb 200000852,51.462272,6.663483018,2248,,1,Moers,,Papierkorb,,,,0.5
Papierkorb 200000416,51.50443138,6.58869884,2249,,1,Moers,,Papierkorb,,,,0.5
